"id","gender","age","age_set","wives_cowives","num_children","children_school","literate","education","trust","check","trust_condition","insecure","need","wealth","depend","region","urban_travel","farm_experience","market_int","fertilize_crops","health_common_problem","health_common_solution","hs_hospital","hs_dispensary","hs_friend_family","hs_laibon","christian","religion","engai_christian_same","god_mind","god_body","god_omnipotent","god_omniscient","god_omnibenevolent","god_punish","god_reward","rituals_frequency","prayer_frequency","disagree_god_frequency","trust_doctors","trust_laibon","trust_church","trust_osotua","trust_elders","trust_morani","maasai_all_cattle","polygyny","moran_eating","cattle_raid","educate_children","educate_women","cattle_over_cash","belief_god_important","children_share_religious","others_share_religious","farming_good","female_circumcision","maasai_worry_future","god_comfort_safety","god_cares_osotua","osotua_condition","osotua_shared","osotua_reciprocal","TLU","donkeys","chickens","cattle","goats","sheep","degree_full","indegree_full","outdegree_full","prop_connect_full","cluster_coef_full","degree_share","indegree_share","outdegree_share","prop_connect_share","cluster_coef_share","degree_info","indegree_info","outdegree_info","prop_connect_info","cluster_coef_info","osotua_food","osotua_cattle","osotua_ideas","osotua_cash","osotua_grass","roof","solar","sons","daughters"
1,"male",52,"Irkidotu",3,18,18,1,"none",1,0,"prestige",0.8,5.25,3,0.333333333333333,"south","rarely",26,8,0,"hunger",NA,1,1,1,0,"christian","Christian",1,1,0,1,1,-1,1,1,"often","sometimes","often",1,1,1,1,1,0,-1,1,-1,-1,1,1,2,1,2,2,2,-1,1,1,1,"bridewealth",1,0,5.14,2,4,4,10,3,11,2,9,0.212121212121212,0.142857142857143,4,1,3,0.4,0,9,2,7,0.222222222222222,0.0789473684210526,1,0.5,0,0.5,1,"grass",0,10,8
2,"male",52,"Irkidotu",2,6,4,1,"primary",0,1,"prestige",0.25,2.5,3,0.25,"south","never",31,8,0,"fever","dispensary",1,1,1,0,"christian","Anglican",1,1,0,1,1,1,1,1,"often","often","often",1,0,1,1,1,0,-1,-1,-1,-1,1,2,1,2,2,2,1,-1,1,1,1,"drought",2,0,14.7,3,0,10,50,12,17,8,9,0.154411764705882,0.0714285714285714,4,1,3,0.666666666666667,0,14,8,6,0.152380952380952,0.032258064516129,1,1,1,1,1,"grass",1,2,4
3,"male",36,"Irkorianga",0,0,NA,0,"none",1,0,"prestige",1.6,1.5,0,0.333333333333333,"south","rarely",6,5,0,"fever","herbs",1,1,1,1,"christian","Christian",1,1,1,1,1,1,-1,1,"often","sometimes","never",1,0,1,1,1,0,1,1,-1,-1,1,2,2,1,2,-1,2,1,-1,2,1,"drought",2,1,4.4,1,0,4,5,6,8,0,8,0.222222222222222,0,3,0,3,0.5,0,5,0,5,0.333333333333333,0,1,1,1,1,0.5,"grass",0,0,0
4,"male",40,"Irkorianga",1,4,2,1,"none",0.5,1,"prestige",1.75,2,1,0.5,"south","rarely",4,5,0,"fever","herbs",1,1,1,1,"traditional","traditional",0,0,0,1,1,1,-1,1,"rarely","sometimes","never",1,1,0,1,1,0,1,1,-1,-1,2,1,-1,1,2,1,1,2,1,1,2,"drought",2,2,3.62,0,2,4,6,2,9,2,7,0.2,0,4,1,3,0.4,0,5,1,4,0.333333333333333,0,0.5,1,1,0,1,"grass",0,2,2
5,"female",40,"Irkidotu",1,6,5,0,"none",0.5,1,"prestige",1.75,4,1,0.333333333333333,"south","never",9,7,1,"fever","herbs",1,1,1,0,"christian","Lutheran",1,-1,-1,1,1,-1,1,1,"very often","sometimes","often",1,0,1,1,1,0,-1,-1,-1,-1,1,2,1,1,1,2,1,-1,-1,1,1,"drought",2,0,6.3,2,10,5,10,7,3,1,2,0.5,0,0,0,0,NA,NA,3,1,2,0.5,0,1,0,1,NA,0.5,"grass",0,1,5
6,"female",21,"Irkorianga",1,3,1,1,"primary",1,1,"prestige",1.75,2,1,0.333333333333333,"south","never",9,7,1,"fever","herbs",1,1,1,0,"christian","Lutheran",-1,-1,-1,1,1,1,1,1,"very often","often","very often",1,0,1,1,1,0,-1,1,-1,-1,1,1,0,1,1,1,1,-1,1,1,1,"drought",5,0,13.65,3,15,10,20,30,5,0,5,0.4,0.25,2,0,2,0.666666666666667,0,4,0,4,0.4,0,1,0.5,0.5,0,0.5,"grass",0,1,2
7,"female",75,"Irseuri",1,9,3,0,"none",0,1,"knowledge",1.75,2.33333333333333,1,0.25,"south","never",70,7,1,"chest cough","dispensary",1,1,1,0,"christian","Catholic",-1,1,1,1,1,1,1,1,"often","often","very often",1,0,1,1,1,0,1,1,-1,-1,1,2,-1,2,1,1,1,0,0,2,1,"bridewealth",3,0,3.1,1,0,2,10,2,10,0,10,0.181818181818182,0,2,0,2,0.666666666666667,0,8,0,8,0.222222222222222,0,1,0,1,0,1,"grass",0,7,2
8,"male",48,"Irkidotu",1,8,2,0,"primary",1,1,"prestige",0.8,2,3,0.333333333333333,"south","rarely",30,7,0,"fever","hospital",1,1,1,1,"traditional","traditional",1,0,0,1,1,-1,1,1,"never","often","never",1,1,1,1,1,1,-1,1,-1,-1,1,1,-1,2,2,2,2,-1,1,1,2,"bridewealth",1,0,31.55,5,5,30,70,10,8,1,7,0.305555555555556,0.25,4,1,3,0.5,0.375,5,1,4,0.4,0.25,0,0.5,1,0.5,1,"metal",1,3,5
9,"male",53,"Irkidotu",4,17,7,0,"none",0,1,"prestige",1.6,2,4,0.333333333333333,"south","never",40,7,0,"fever","herbs",1,NA,NA,1,"traditional","traditional",0,1,1,1,1,1,1,1,"never","sometimes","never",1,1,1,1,1,0,-1,0,-1,-1,2,2,-1,1,-1,-1,1,1,1,1,2,"drought",2,2,37.6,7,10,40,40,20,15,7,8,0.20952380952381,0.210526315789474,10,6,4,0.236363636363636,0.166666666666667,8,4,4,0.277777777777778,0.1,1,1,1,1,1,"grass",0,7,10
10,"female",49,"Irkishomo",2,5,5,1,"primary",1,0,"prestige",1,3.75,4,0.25,"south","never",26,8,0,"fever","hospital",1,1,1,0,"christian","Catholic",-1,0,1,1,1,1,-1,1,"often","often","sometimes",1,1,1,1,1,0,-1,1,-1,-1,1,2,-1,2,2,1,1,-1,1,1,2,"bridewealth",2,0,11.14,4,4,10,15,6,7,0,7,0.25,0,2,0,2,0.666666666666667,0,5,0,5,0.333333333333333,0,1,1,1,1,1,"metal",1,1,4
11,"male",67,"Irkishomo",1,2,2,0,"none",0.5,0,"prestige",1.6,2,1,0.333333333333333,"south","never",15,7,0,"smallpox","hospital",1,1,1,0,"christian","Catholic",1,0,0,1,1,1,1,1,"often","often","rarely",1,0,1,1,1,0,-1,-1,-1,-1,2,2,-1,2,2,2,2,-1,1,2,2,"drought",5,0,25.8,2,0,28,46,6,9,0,9,0.222222222222222,0.0789473684210526,3,0,3,0.5,0,8,0,8,0.222222222222222,0,0.5,0,0,0,0.5,"grass",0,1,1
12,"male",38,"Irkorianga",1,2,1,1,"none",1,0,"prestige",1.6,2,1,0.333333333333333,"south","rarely",8,9,1,"malaria","herbs",1,1,1,0,"christian","Lutheran",1,0,0,1,1,-1,1,1,"very often","often","very often",1,0,1,1,1,0,-1,-1,-1,-1,2,2,-1,2,2,2,1,-1,1,1,2,"drought",4,0,17,0,0,15,55,10,16,0,16,0.117647058823529,0,8,0,8,0.222222222222222,0,14,0,14,0.133333333333333,0,0.5,0.5,0.5,0.5,1,"grass",0,2,0
13,"female",75,"Irkishomo",1,8,3,0,"none",0,1,"knowledge",1.6,3,3,0.25,"south","never",20,8,1,"fever","prayer",1,1,1,0,"christian","Anglican",1,-1,0,1,1,1,1,1,"often","often","never",1,0,1,1,1,1,-1,-1,1,-1,2,1,1,2,2,2,2,-1,2,2,2,"drought",2,0,2.75,1,5,2,5,3,6,1,5,0.285714285714286,0,2,0,2,0.666666666666667,0,4,1,3,0.4,0,0.5,0.5,0,0.5,1,"metal",1,3,5
14,"female",80,"Irtorito",10,6,2,0,"primary",0,1,"knowledge",1.6,3.33333333333333,10,0.25,"south","never",20,8,1,"fever","prayer",1,1,1,0,"christian","Anglican",1,0,0,1,1,1,-1,1,"often","often","never",1,0,1,1,1,1,-1,1,-1,-2,2,1,1,2,2,2,1,-1,1,2,2,"drought",2,0,2.82,2,2,2,2,2,8,0,8,0.222222222222222,0,3,0,3,0.5,0,5,0,5,0.333333333333333,0,0.5,0.5,0.5,1,0.5,"grass",0,2,4
15,"male",30,"Irkorianga",1,2,NA,0,"none",0,1,"prestige",1.6,2,1,0.25,"south","sometimes",8,7,0,"fever","herbs",1,0,0,1,"traditional","traditional",0,1,0,1,1,-1,1,1,"rarely","sometimes","never",NA,1,0,1,1,0,-1,-1,-1,-1,2,1,0,2,1,1,2,0,-1,2,2,"bridewealth",2,0,2.6,1,0,1,10,4,10,1,9,0.288888888888889,0.2,3,0,3,0.666666666666667,0.6,9,1,8,0.333333333333333,0.243243243243243,1,1,1,1,1,"grass",0,0,2
16,"male",30,"Irkorianga",1,1,NA,0,"none",0,1,"prestige",1.2,1.75,1,0.25,"south","sometimes",17,7,0,"fever","herbs",1,1,1,0,"christian","Anglican",1,0,0,1,1,1,1,1,"often","sometimes","sometimes",1,0,1,1,1,0,-1,1,-1,-1,2,-1,-1,2,1,2,2,-1,-1,2,1,"bridewealth",1,0,3.2,2,0,0,20,2,9,1,8,0.333333333333333,0.243243243243243,4,1,3,0.5,0.375,7,1,6,0.476190476190476,0.375,1,1,1,1,1,"grass",0,1,0
17,"male",40,"Irkorianga",2,8,5,1,"primary",1,0,"prestige",0.8,3.33333333333333,4,0.25,"south","sometimes",20,7,0,"fever","herbs",1,1,0,1,"christian","Christian",1,0,0,1,1,1,1,1,"often","sometimes","rarely",1,0.5,1,1,1,0,-1,1,-1,-1,2,1,-1,2,1,1,1,-1,1,2,1,"bridewealth",2,0,10.56,3,6,10,10,10,12,7,5,0.309090909090909,0.25,5,2,3,0.5,0,11,7,4,0.311111111111111,0.204545454545455,1,0.5,1,0.5,1,"metal",1,5,3
18,"male",41,"Irkorianga",2,10,7,1,"primary",0,1,"prestige",0.25,7,4,0.25,"south","sometimes",22,8,1,"cough","herbs",1,1,1,1,"traditional","traditional",1,-1,-1,1,1,-1,0,1,"rarely","sometimes","sometimes",1,1,1,1,1,0.5,1,1,-1,-1,2,2,2,2,-1,1,-1,-1,-1,2,2,"bridewealth",2,0,6.26,5,6,4,6,3,16,8,8,0.241666666666667,0.281879194630872,10,7,3,0.288888888888889,0.209302325581395,8,2,6,0.305555555555556,0.257142857142857,1,1,1,1,1,"metal",1,3,7
19,"female",30,"Irkorianga",2,4,3,0,"none",0,1,"prestige",0.25,3,4,0.25,"south","never",20,8,0,"fever","herbs",1,1,1,0,"christian","Christian",-1,0,-1,1,1,1,1,1,"often","often","never",1,0,1,1,1,1,-1,1,-1,-1,2,1,-1,1,1,1,1,-1,2,2,2,"bridewealth",1,0,2.82,2,2,2,3,1,5,0,5,0.4,0.25,3,0,3,0.5,0,4,0,4,0.4,0,0.5,0.5,1,0.5,1,"metal",1,3,1
20,"female",30,"Irseuri",4,7,6,0,"none",0,1,"prestige",0.25,8,6,0.25,"south","never",10,8,0,"fever","herbs",1,1,1,0,"christian","Christian",-1,0,-1,1,1,1,1,1,"often","often","never",1,0,1,1,1,1,-1,1,-1,-1,2,1,-1,1,1,1,1,-1,2,2,2,"bridewealth",1,0,2.32,1,2,2,2,2,6,1,5,0.380952380952381,0.315789473684211,4,1,3,0.5,0.375,2,0,2,0.666666666666667,0,0.5,1,1,0.5,1,"metal",1,1,6
21,"male",70,"Irkishomo",1,7,1,0,"none",1,1,"knowledge",1.6,2,1,0.333333333333333,"south","never",10,7,NA,"fever","herbs",1,1,1,1,"traditional","traditional",1,0,0,1,1,-1,1,1,"never","sometimes","rarely",1,1,1,1,1,0,-1,2,-1,-1,1,1,2,1,2,2,1,-1,1,1,2,"drought",2,0,1.8,2,0,1,1,0,3,0,3,0.5,0,3,0,3,0.5,0,0,0,0,NA,NA,0.5,1,1,1,1,"grass",0,3,4
22,"male",34,"Irkorianga",2,7,4,1,"primary",0.5,1,"knowledge",1.6,20,2,0.333333333333333,"south","rarely",15,8,0,"fever","herbs",1,1,1,1,"traditional","traditional",1,0,0,1,1,-1,1,1,"never","sometimes","rarely",1,1,1,1,1,0,1,1,-1,-1,1,1,1,1,2,2,1,-1,-1,1,2,"drought",1,0,4.62,2,2,4,5,3,9,3,6,0.305555555555556,0.181818181818182,5,2,3,0.333333333333333,0,5,1,4,0.7,0.545454545454545,0.5,1,1,1,1,"grass",0,2,5
23,"male",32,"Irkorianga",1,5,3,1,"primary",0.5,1,"knowledge",1,2.66666666666667,1,0.2,"south","rarely",20,9,0,"pneumonia","herbs",1,1,1,1,"traditional","traditional",1,1,0,1,1,-1,1,1,"rarely","sometimes","very often",1,1,0,1,1,1,1,1,-1,-1,2,1,1,1,2,2,2,-1,1,2,2,"drought",5,0,5.57,2,7,4,11,6,6,0,6,0.428571428571429,0.5,3,0,3,0.5,0,3,0,3,0.666666666666667,0.6,1,1,1,1,1,"grass",0,1,4
24,"female",36,NA,3,4,2,0,"none",1,0,"knowledge",1,NA,3,0.333333333333333,"south","never",11,6,0,"fever","hospital",1,1,1,0,"traditional","traditional",0,1,0,1,1,-1,1,1,"never","sometimes","never",1,0,1,1,1,0,1,1,-1,-1,1,1,1,1,1,1,2,-1,-1,1,1,"bridewealth",1,0,2.12,1,2,2,1,1,4,1,3,0.833333333333333,0.6,2,0,2,0.666666666666667,0,4,1,3,0.833333333333333,0.6,1,1,1,1,1,"grass",0,2,2
25,"male",48,"Irkidotu",1,5,3,0,"none",0,1,"prestige",0.5,3.5,3,0.25,"south","never",20,8,1,"fever","herbs",1,0,0,0,"christian","Christian",0,0,0,1,1,1,0,1,"often",NA,NA,NA,0,1,1,NA,NA,-1,1,NA,-1,1,1,1,1,NA,1,NA,1,-1,NA,1,"drought",1,0,13.03,3,3,5,70,10,10,4,6,0.333333333333333,0.36,3,1,2,0.833333333333333,0.75,10,4,6,0.333333333333333,0.36,1,1,1,0,1,"metal",1,3,2
26,"male",30,"Irkorianga",1,2,1,0,"none",0.5,1,"knowledge",1.2,2.5,2,0.5,"south","rarely",20,6,0,"fever","herbs",1,NA,1,0,"christian","Christian",-1,1,-1,1,1,1,1,1,"often","sometimes","very often",1,0,1,1,1,0,-1,1,-1,-2,1,2,1,1,1,1,1,-1,-1,1,1,"drought",5,0,5.4,1,0,6,5,2,7,1,6,0.392857142857143,0.441176470588235,4,1,3,0.4,0,6,0,6,0.333333333333333,0.176470588235294,1,1,1,1,1,"grass",1,1,1
27,"male",33,"Irkorianga",1,3,2,0,"none",1,NA,"knowledge",1.2,2.5,1,0.5,"south","rarely",20,6,0,"fever","herbs",1,NA,1,0,"christian","Christian",-1,1,1,1,1,1,1,1,"often","sometimes","very often",1,0,1,1,1,0,-1,-1,-1,-2,1,2,1,1,1,1,1,-1,-1,1,1,"drought",4,0,4.4,0,0,6,2,0,6,1,5,0.476190476190476,0.535714285714286,3,0,3,0.5,0,5,1,4,0.4,0.25,1,1,1,1,1,"grass",0,2,1
28,"male",75,"Irkishomo",5,40,NA,0,"none",0.5,1,"knowledge",1.6,9.33333333333333,7,0.4,"south","never",65,3.5,0,"fever","herbs",1,1,1,0,"christian","Christian",1,0,0,1,1,0,1,0,"often",NA,"never",0.5,0,1,1,1,0,-1,1,-1,-2,1,2,0,1,2,2,2,-1,1,1,2,"bridewealth",1,0,63.5,3,0,80,30,30,25,21,4,0.147692307692308,0.17910447761194,13,11,2,0.153846153846154,0.0375,16,14,2,0.183823529411765,0.190140845070423,1,1,1,1,1,"metal",1,20,20
29,"male",40,"Irkorianga",1,5,4,0,"none",1,NA,"knowledge",1.4,3.5,1,0.333333333333333,"south","rarely",20,8,0,"fever","herbs",1,1,1,0,"christian","Christian",1,1,0,1,1,1,1,1,"often","sometimes","never",1,0,1,1,1,1,1,1,-1,-2,1,1,2,1,1,1,1,-1,1,1,1,"drought",3,0,3.74,2,4,3,6,0,10,2,8,0.345454545454545,0.439024390243902,6,1,5,0.333333333333333,0.176470588235294,6,1,5,0.380952380952381,0.315789473684211,0.5,0,1,0.5,1,"grass",0,3,2
30,"female",21,"Irkorianga",2,3,2,0,"none",0.5,NA,"prestige",1.6,3,4,0.2,"south","never",NA,8,1,"cough","herbs",1,NA,NA,0,"christian","Catholic",-1,-1,-1,1,1,1,1,1,"often","often","never",1,0,1,1,0,0,1,1,-1,-1,1,2,1,2,1,1,1,-1,1,1,1,"bridewealth",2,0,20.05,4,5,20,30,10,7,0,7,0.25,0,4,0,4,0.4,0,4,0,4,0.4,0,1,0.5,1,0.5,1,"metal",1,2,1
31,"male",53,"Irkidotu",3,10,3,1,"primary",1,NA,"knowledge",1,2.5,5,0.222222222222222,"south","never",20,8.5,1,"fever","herbs",1,1,0.5,0,"christian","Christian",-1,0,0,1,1,1,1,1,"often","sometimes","rarely",1,0,1,1,1,1,-1,1,-1,-1,1,1,0,1,1,2,1,-1,-1,1,2,"bridewealth",1,0,26.04,5,4,20,45,50,15,10,5,0.20952380952381,0.168224299065421,7,4,3,0.476190476190476,0.3,11,7,4,0.218181818181818,0.0638297872340425,1,1,1,1,1,"metal",1,5,5
32,"male",45,"Irkorianga",1,4,1,0,"none",1,NA,"prestige",1.6,4,1,1,"south","rarely",NA,4,NA,"fever","herbs",1,0,1,1,"traditional","traditional",1,1,0,1,1,1,1,1,"rarely","sometimes","rarely",1,1,0,1,1,1,1,2,-1,-1,2,1,1,1,1,2,1,1,1,2,2,"bridewealth",1,0,29,10,0,20,50,50,10,5,5,0.2,0.0638297872340425,3,2,1,0.5,0,7,3,4,0.25,0,1,1,1,1,1,"grass",0,2,2
33,"female",51,"Nyangusi",4,8,2,0,"primary",0,1,"knowledge",1.6,3,5,0.25,"south","never",35,7,1,"fever","hospital",1,1,1,0,"christian","Lutheran",1,1,0,1,1,-1,1,1,"often","sometimes","very often",1,0,1,1,1,0,-1,-1,-1,-1,1,1,-1,1,1,1,1,-1,1,1,1,"drought",2,0,4.35,2,5,4,3,2,9,0,9,0.2,0,3,0,3,0.5,0,6,0,6,0.285714285714286,0,0.5,0.5,1,0,0.5,"metal",0,3,5
34,"female",30,"Irkishomo",4,4,1,0,"none",1,1,"prestige",0.25,3.5,4,0.285714285714286,"south","never",10,8.5,1,"fever","herbs",1,1,1,1,"christian","Lutheran",-1,1,0,1,1,1,-1,1,"often","sometimes","rarely",1,0,1,1,1,0,1,-1,-1,-1,1,1,-1,1,1,2,1,1,1,2,1,"bridewealth",2,0,89.5,11,0,100,100,40,8,0,8,0.222222222222222,0,2,0,2,0.666666666666667,0,6,0,6,0.285714285714286,0,1,0.5,0,1,0,"grass",0,2,2
35,"male",32,"Irkorianga",2,6,1,0,"none",0,1,"prestige",0.25,3.5,2,0.333333333333333,"south","rarely",20,7,0,"fever","herbs",1,1,1,0,"christian","Catholic",0,0,0,1,1,1,1,1,"often","sometimes","never",0,0,1,1,1,0,-1,-1,-1,-1,1,1,-1,1,1,2,1,2,1,1,1,"drought",2,0,121,12,0,100,300,150,9,1,8,0.305555555555556,0.181818181818182,4,1,3,0.4,0,6,1,5,0.533333333333333,0.4,1,0.5,1,0.5,0,"grass",0,2,4
36,"female",30,"Irkorianga",1,5,NA,1,"primary",0,1,"knowledge",1,2.33333333333333,1,0.25,"south","never",10,7,0,"fever","hospital",1,1,1,0,"christian","Lutheran",-1,1,1,1,1,1,1,1,"often","often","never",1,0,1,1,1,1,-1,0,-1,-1,2,1,1,2,2,1,1,-1,-1,2,1,"bridewealth",1.5,0,4.1,2,0,2,12,5,9,0,9,0.222222222222222,0.0789473684210526,4,0,4,0.4,0,6,0,6,0.285714285714286,0,1,1,1,0.5,1,"grass",0,2,3
37,"female",35,"Irkorianga",1,6,5,1,"primary",0,1,"knowledge",1,3,3,0.333333333333333,"south","never",21,8,0,"fever","herbs",1,1,1,0,"christian","Lutheran",1,1,-1,1,1,1,1,1,"often","sometimes","never",1,0,1,1,1,1,-1,-1,-1,-1,1,1,1,1,1,-1,2,1,1,1,1,"drought",2,0,4.3,1,0,2,14,10,12,1,11,0.181818181818182,0,6,1,5,0.285714285714286,0,6,0,6,0.285714285714286,0,1,1,1,1,1,"metal",1,3,3
38,"female",53,"Irkishomo",2,8,1,0,"none",0,1,"prestige",1.2,1,4,0.2,"south","rarely",36,8,0,"fever","hospital",1,1,1,0,"christian","Lutheran",0,-1,-1,1,1,1,-1,1,"often","sometimes","never",1,0,1,1,1,1,1,1,2,-1,2,2,2,2,1,1,2,1,1,2,2,"bridewealth",2,0,25.04,2,4,20,100,0,8,0,8,0.388888888888889,0.48,4,0,4,0.5,0.375,4,0,4,0.4,0,0,0,0.5,0.5,0.5,"metal",1,4,4
39,"male",32,"Irkorianga",1,1,NA,1,"secondary",1,1,"prestige",1.4,12,3,0.2,"south","sometimes",9,10,0,"fever","herbs",1,1,1,0,"christian","Lutheran",1,1,-1,1,1,1,1,1,"rarely","sometimes","sometimes",0,0,1,1,1,1,1,1,-1,-1,1,1,1,1,0,0,1,1,2,1,1,"bridewealth",2,0,8.88,3,8,8,17,0,38,22,16,0.0936507936507937,0.104956268221574,21,16,5,0.114285714285714,0.0459183673469388,23,12,11,0.122529644268775,0.10546875,1,0.5,1,1,NA,"metal",1,1,0
40,"male",46,"Irkidotu",3,13,7,0,"none",1,0,"prestige",0.8,2.1,3,0.25,"south","sometimes",36,9,1,"fever","herbs",1,1,1,0,"christian","Lutheran",1,1,1,1,1,-1,1,1,"often","sometimes","never",1,0,1,1,1,0,-2,1,-1,-1,1,1,0,1,2,-1,1,-1,1,1,1,"bridewealth",2,0,16.28,4,8,15,17,20,14,6,8,0.282051282051282,0.3125,6,3,3,0.523809523809524,0.483870967741935,9,4,5,0.305555555555556,0.181818181818182,0.5,1,1,0,0.5,"grass",0,7,6
41,"male",61,"Irkishomo",0,0,NA,1,"primary",1,0,"prestige",0.25,2.1,0,0.333333333333333,"south","never",40,6,1,"fever","herbs",1,1,1,0,"christian","Catholic",1,-1,1,1,1,1,1,1,"often","sometimes","rarely",1,0,1,1,1,0,-1,0,-1,-1,1,2,-1,1,0,1,2,-1,1,2,1,"bridewealth",1,0,16.28,4,8,15,17,20,7,2,5,0.523809523809524,0.375,4,1,3,0.5,0.375,5,1,4,0.7,0.545454545454545,0.5,0,1,0,0.5,"grass",0,0,0
42,"male",19,"Nyangulo",0,0,NA,1,"secondary",1,1,"prestige",1,3.4,0,0.333333333333333,"south","rarely",15,7,0,"fever","herbs",1,1,1,0,"christian","Lutheran",-1,1,1,1,1,1,1,1,"very often","sometimes","never",1,0,1,1,1,1,-1,-1,-1,-1,1,1,-1,1,1,1,1,-1,1,1,1,"drought",1,0,15.9,1,0,20,10,4,6,0,6,0.333333333333333,0.176470588235294,2,0,2,0.666666666666667,0,5,0,5,0.333333333333333,0,1,1,1,1,1,"grass",0,0,0
43,"male",34,"Irkorianga",1,1,1,0,"none",0.5,1,"knowledge",1,1.66666666666667,NA,0.333333333333333,"south","rarely",12,8,0,"fever","herbs",1,1,0,1,"christian","Catholic",1,1,1,1,1,1,1,1,"often","sometimes","rarely",1,0,1,1,1,1,-1,1,-1,-1,1,1,-1,1,1,1,1,-1,-1,1,1,"bridewealth",1,0,4.33,1,3,4,8,2,8,1,7,0.277777777777778,0.1,2,0,2,0.666666666666667,0,6,1,5,0.380952380952381,0.176470588235294,0.5,0,1,1,1,NA,NA,0,1
44,"male",30,"Irkorianga",1,0,NA,1,"primary",1,1,"prestige",1.2,3.5,1,0.2,"south","rarely",10,9,1,"fever","herbs",1,1,0,1,"traditional","traditional",1,1,1,1,1,-1,1,1,"often","sometimes","rarely",1,1,1,1,1,1,-1,1,-1,-1,1,1,1,1,-1,1,-1,-1,1,1,1,"bridewealth",2,0,6.5,2,0,5,10,10,11,1,10,0.181818181818182,0.0526315789473684,5,0,5,0.333333333333333,0,6,1,5,0.285714285714286,0,1,1,1,1,1,"grass",0,0,0
45,"male",54,"Irkidotu",1,4,1,0,"none",0.5,1,"knowledge",1,3,NA,0.333333333333333,"south","never",30,7,0,"chest cough","herbs",1,1,1,0,"christian","Lutheran",1,1,-1,1,1,1,-1,1,"very often","often","rarely",1,0,1,1,1,1,-1,-1,-1,-1,1,1,-1,1,1,1,2,1,1,1,1,"drought",5,0,8.83,1,3,10,7,6,7,0,7,0.285714285714286,0.130434782608696,3,0,3,0.5,0,4,0,4,0.5,0.375,0.5,0,0.5,0,1,NA,NA,2,2
46,"male",37,"Irkorianga",1,1,1,0,"primary",0,1,"prestige",1,5,3,0.25,"south","rarely",30,8,0,"malaria","herbs",1,1,1,0,"traditional","traditional",1,1,-1,1,1,1,-1,1,"never","sometimes","rarely",1,0,1,1,1,1,-1,-1,-1,-1,1,1,-1,2,1,1,1,-1,1,1,1,"bridewealth",2,0,18.01,4,1,10,50,40,7,0,7,0.25,0,3,0,3,0.5,0,6,0,6,0.285714285714286,0,0,0,0,0,0,"metal",1,0,1
47,"male",37,"Irkorianga",1,2,1,1,"secondary",1,1,"knowledge",0.8,5,3,0.166666666666667,"south","sometimes",5,8,1,"fever","hospital",1,1,1,0,"christian","Catholic",1,1,-1,1,1,1,1,1,"often",NA,"sometimes",1,0,1,1,1,1,2,-1,-1,-1,2,2,1,2,2,2,2,-2,1,2,2,"drought",5,0,17.3,2,0,15,21,37,16,7,9,0.20952380952381,0.141509433962264,14,6,8,0.208791208791209,0.136363636363636,9,3,6,0.277777777777778,0.1,1,1,0.5,1,NA,"metal",1,1,1
48,"male",43,"Irkorianga",2,8,3,0,"none",0.5,1,"knowledge",1.6,2,4,0.2,"south","rarely",22,9,0,"fever","herbs",1,1,1,0.5,"christian","Catholic",1,1,1,1,1,1,-1,1,"often","sometimes","sometimes",1,0.5,1,1,1,1,1,1,-1,NA,2,1,0,2,1,2,2,1,1,1,1,"drought",2,0,8.1,5,10,5,10,10,5,1,4,0.333333333333333,0,3,0,3,0.5,0,4,1,3,0.4,0,1,1,1,1,1,"metal",1,3,5
49,"male",46,"Irkidotu",2,10,8,1,"primary",1,0,"prestige",1.6,4.33333333333333,4,0.333333333333333,"south","never",24,NA,0,"pneumonia","herbs",0,1,1,0,"traditional","traditional",1,-1,1,1,1,1,1,1,"never",NA,"rarely",0,1,0,1,1,0,2,2,-1,NA,2,1,-1,1,-1,-1,1,-1,1,2,2,"bridewealth",1,0,33.55,4,5,40,5,30,12,8,4,0.309090909090909,0.25,5,3,2,0.5,0,11,7,4,0.311111111111111,0.204545454545455,1,1,1,0.5,1,"metal",1,7,3
50,"male",59,"Irkidotu",3,11,6,0,"primary",1,0,"prestige",1.6,3.75,4,0.333333333333333,"south","never",36,NA,0,"fever","herbs",1,1,1,1,"traditional","traditional",1,0,1,1,1,1,1,1,"never",NA,"rarely",0,1,0,1,1,0,2,2,-1,NA,2,1,1,1,-1,-1,2,-1,1,2,1,"bridewealth",2,0,8.7,2,0,10,4,3,10,4,6,0.305555555555556,0.1,5,2,3,0.5,0,8,3,5,0.428571428571429,0.176470588235294,1,1,0,0.5,1,"grass",1,4,7
51,"female",70,"Nyangusi",1,10,3,0,"none",1,0,"knowledge",1.6,2,3,0.25,"south","never",60,8,0,"stomach ache","herbs",1,NA,1,NA,"christian","Christian",1,1,1,1,1,1,1,1,"rarely","sometimes","never",1,0,1,1,1,1,1,2,0,NA,2,1,2,1,-1,-1,2,1,-1,2,2,"drought",2,0,8.1,5,10,5,10,10,12,2,10,0.153846153846154,0,5,2,3,0.333333333333333,0,8,1,7,0.222222222222222,0,0.5,1,0.5,0,NA,"metal",1,3,7
52,"male",45,"Irkidotu",1,4,3,1,"primary",1,0,"knowledge",1.6,1.33333333333333,3,0.333333333333333,"south","never",15,7,0,"fever","herbs",1,1,NA,0,"christian","Lutheran",1,1,1,1,1,1,-1,1,"very often","sometimes","often",1,0,1,1,1,1,2,-1,1,NA,1,1,1,1,0,1,1,-1,-1,1,1,"bridewealth",5,0,6.9,2,0,7,5,5,10,4,6,0.388888888888889,0.307692307692308,4,2,2,0.666666666666667,0,7,3,4,0.357142857142857,0.310344827586207,1,1,1,1,1,"metal",1,2,2
53,"male",34,"Irkorianga",1,2,1,1,"primary",0.5,1,"knowledge",1.6,1.25,1,0.333333333333333,"south","rarely",8,7,0,NA,"herbs",1,1,NA,NA,"christian","Lutheran",1,1,1,1,1,1,-1,1,"often","sometimes","very often",1,0,1,1,1,1,1,-2,1,NA,1,1,2,1,0,1,1,-1,-1,1,1,"bridewealth",2.5,0,5.7,1,20,5,5,10,5,0,5,0.333333333333333,0,0,0,0,NA,NA,5,0,5,0.333333333333333,0,1,0.5,1,1,1,"grass",0,1,1
54,"male",52,"Irkidotu",1,8,6,1,"primary",1,NA,"prestige",1.4,4,3,0.25,"south","never",22,7,0,"pneumonia","herbs",1,1,1,0,"christian","Lutheran",1,1,0,1,1,1,1,1,"often","sometimes","rarely",1,0,1,1,1,0,2,1,-1,NA,2,2,1,2,2,2,2,-1,1,1,2,"bridewealth",2,0,29.1,8,10,20,50,60,11,4,7,0.272727272727273,0.214285714285714,5,2,3,0.5,0,8,4,4,0.25,0.1,1,1,0.5,0.5,1,"metal",1,4,4
55,"male",40,"Irkorianga",1,4,3,1,"primary",1,NA,"knowledge",1,3.5,2,0.25,"south","rarely",30,8,0,"pneumonia","herbs",1,1,1,0,"traditional","traditional",-1,0,0,0,-1,1,-1,1,"very often","sometimes","never",1,1,1,1,1,1,1,1,-1,NA,1,1,1,1,1,1,1,-1,1,1,2,"drought",2,0,46.2,8,20,50,70,0,3,0,3,0.5,0,1,0,1,1,NA,2,0,2,0.666666666666667,0,1,1,0.5,0.5,1,"grass",1,2,2
56,"male",30,"Irkorianga",2,NA,3,0,"none",0,1,"prestige",0.6,7,4,NA,"south","never",8,NA,0,"pneumonia","herbs",0,0,1,1,"traditional","traditional",1,1,1,1,1,1,1,1,"rarely","sometimes","never",0,1,0,1,1,1,1,1,-1,-1,1,1,2,1,2,2,1,-1,1,1,1,"drought",2,0,13.06,7,6,10,20,5,11,4,7,0.4,0.288461538461538,6,3,3,0.733333333333333,0.5,6,2,4,0.466666666666667,0.25,1,1,1,1,1,"metal",1,NA,NA
57,"male",NA,NA,NA,NA,NA,NA,NA,0.5,1,"knowledge",1.25,1.66666666666667,NA,NA,"south","rarely",NA,NA,NA,"fever","herbs",1,1,1,1,"christian","Catholic",-1,1,-1,1,1,-1,1,1,"often","sometimes","sometimes",1,1,1,1,1,0,2,1,-1,1,2,1,1,2,2,1,2,1,2,1,2,"drought",5,2,28.5,3,0,30,50,10,10,0,10,0.181818181818182,0,3,0,3,0.5,0,8,0,8,0.222222222222222,0,1,0.5,1,1,1,"metal",0,NA,NA
58,"female",NA,NA,NA,NA,2,NA,"primary",1,1,"knowledge",1.2,3.66666666666667,NA,NA,"south",NA,10,NA,0,"fever","hospital",1,1,1,0,"christian","Lutheran",-1,1,-1,1,1,1,1,1,"often","sometimes","rarely",1,0,1,1,1,0,-1,-1,-1,1,1,2,-1,2,2,2,2,-2,-2,2,2,"drought",5,0,10.22,5,2,5,32,10,3,0,3,0.5,0,3,0,3,0.5,0,3,0,3,0.5,0,1,1,1,1,0,"metal",NA,NA,NA
59,"male",NA,NA,NA,NA,NA,NA,NA,1,1,"prestige",0.25,2.5,NA,NA,"south","sometimes",NA,NA,NA,"fever","herbs",1,1,NA,0,"traditional","traditional",1,-1,1,1,1,1,1,1,"never","sometimes","often",1,0,1,1,1,1,-2,1,-1,-1,2,1,2,NA,2,2,2,-1,-1,1,1,"bridewealth",1,0,13.53,5,3,10,20,20,3,0,3,0.5,0,1,0,1,1,NA,3,0,3,0.5,0,1,1,1,1,1,"grass",0,NA,NA
60,"male",37,"Irkorianga",1,3,0,1,"secondary",0.5,1,"knowledge",0.5,5.33333333333333,2,0.142857142857143,"south","often",14,9,0,"pneumonia","hospital",1,1,1,1,"traditional","traditional",1,1,0,1,1,1,1,1,"rarely","sometimes","never",1,1,0,1,1,1,1,2,-1,2,2,2,2,1,-1,-1,2,-1,2,1,1,"bridewealth",2,0,7.16,10,36,2,1,3,26,6,20,0.119565217391304,0.0763636363636364,16,4,12,0.132352941176471,0.0483870967741935,12,3,9,0.254545454545455,0.12,1,0.5,1,1,1,"metal",0,1,2
61,"female",32,"Irkorianga",1,3,2,0,"none",0.5,1,"prestige",1.2,2.5,1,0.25,"south","never",10,9,0,"fever","herbs",1,1,1,1,"traditional","traditional",1,1,0,1,1,1,0,0,"never","sometimes","never",1,1,1,1,1,0,-1,-1,-1,-1,1,2,0,1,2,1,1,0,-1,1,1,"drought",2,0,8.33,1,3,8,19,3,6,0,6,0.285714285714286,0,3,0,3,0.5,0,4,0,4,0.4,0,1,0.5,1,0.5,1,"grass",0,2,1
62,"male",37,"Irkorianga",1,4,2,0,"none",1,1,"knowledge",1.2,2.66666666666667,3,0.333333333333333,"south","rarely",21,NA,0,"fever","herbs",1,1,1,0,"christian","Lutheran",1,1,-1,1,1,-1,1,1,"often","often","sometimes",1,1,1,1,1,1,-1,1,-1,-1,1,1,0,1,1,1,1,-1,1,2,1,"bridewealth",2,0,10.8,1,0,11,9,17,6,0,6,0.285714285714286,0,4,0,4,0.4,0,4,0,4,0.4,0,1,1,1,0.5,1,"metal",1,4,0
63,"male",34,"Irkorianga",1,2,1,0,"none",1,0,"knowledge",0,2.66666666666667,1,0.333333333333333,"south","never",12,NA,0,"fever","hospital",1,1,1,1,"traditional","traditional",1,1,1,1,1,0,0,0,"never","sometimes","never",1,1,0,1,1,0,-1,1,-1,-2,1,1,1,1,1,1,1,1,-1,1,2,"drought",4,0,24.9,2,10,30,18,10,4,0,4,0.4,0,3,0,3,0.5,0,4,0,4,0.4,0,1,1,1,0.5,1,"grass",0,2,0
64,"male",38,"Irkorianga",1,4,2,1,"primary",0,1,"prestige",1.2,3.33333333333333,1,0.333333333333333,"south","rarely",20,NA,0,"fever","herbs",1,1,1,0,"christian","Lutheran",1,1,-1,1,1,1,-1,1,"often","often","never",1,0,1,1,1,1,-1,-1,-1,-1,1,2,2,1,1,1,1,-1,1,2,2,"drought",2,0,16.33,5,3,15,23,10,5,0,5,0.466666666666667,0.4,4,0,4,0.4,0,5,0,5,0.466666666666667,0.4,1,1,1,0.5,1,"grass",0,3,1
65,"female",43,"Irkidotu",3,6,3,0,"none",0.5,NA,"prestige",1.4,5.25,3,1,"south","never",NA,NA,NA,"malaria","herbs",1,1,1,1,"traditional","traditional",1,-1,-1,1,1,1,-1,-1,"rarely","sometimes","sometimes",1,1,0,1,1,1,-1,1,-1,-1,1,1,0,2,1,1,1,-1,0,2,2,"bridewealth",1,0,21.5,1,0,10,63,77,4,0,4,0.4,0,2,0,2,0.666666666666667,0,3,0,3,0.5,0,1,0.5,1,0,1,"grass",0,4,2
66,"female",34,"Irkorianga",2,5,2,0,"none",1,NA,"prestige",1.2,2.66666666666667,2,0.25,"south","never",21,NA,0,"fever","herbs",1,1,1,1,"traditional","traditional",1,0,0,1,1,1,-1,1,"rarely","sometimes","never",1,1,0,1,1,0,-1,-2,-1,-1,1,1,2,1,1,1,1,1,-1,2,2,"drought",2,0,26.7,4,0,22,51,42,6,1,5,0.285714285714286,0,4,1,3,0.4,0,3,0,3,0.5,0,1,0,1,0,1,"grass",0,2,3
67,"male",49,"Irkidotu",3,12,4,0,"none",1,NA,"prestige",1.2,4,5,0.333333333333333,"south","rarely",20,8,0,"fever","herbs",1,1,1,1,"traditional","traditional",1,0,0,1,1,1,0,-1,"rarely","sometimes","never",1,1,1,1,1,1,-1,1,-1,-1,2,2,1,1,2,1,1,2,-1,1,2,"drought",3,0,31.3,4,10,26,67,43,11,6,5,0.377777777777778,0.294117647058824,10,5,5,0.361111111111111,0.25,5,2,3,0.7,0.545454545454545,1,1,1,0.5,1,"metal",1,7,5
68,"female",45,"Irkidotu",3,8,NA,0,"none",0,1,"prestige",1.2,2.625,3,0.25,"south","never",21,NA,0,"fever","herbs",1,1,1,0,"christian","Lutheran",1,1,-1,1,1,1,-1,1,"very often","often","sometimes",1,0,1,1,1,0,-1,-1,-1,-1,1,NA,1,1,1,1,1,-1,1,1,1,"drought",2,0,12.95,3,5,11,23,14,5,1,4,0.5,0,2,0,2,0.666666666666667,0,4,1,3,0.4,0,1,1,1,0.5,1,"grass",0,3,5
69,"male",38,"Irkorianga",3,11,NA,1,"primary",0.5,1,"prestige",1.2,3.75,5,0.333333333333333,"south","rarely",15,NA,1,"fever","herbs",1,1,1,1,"traditional","traditional",1,1,-1,1,1,1,1,1,"rarely","sometimes",NA,1,1,1,1,1,0,-1,1,-1,-1,1,1,1,1,1,1,1,0,-1,1,1,"drought",1,0,44.2,6,0,36,110,50,18,11,7,0.187134502923977,0.219895287958115,13,10,3,0.186813186813187,0.136363636363636,8,3,5,0.25,0.1,1,1,1,1,1,"metal",1,5,6
70,"female",54,"Irkishomo",1,4,3,1,"primary",1,NA,"prestige",1.2,1.66666666666667,3,NA,"south","rarely",30,9,0,"stomach ache","herbs",1,1,1,0,"christian","Catholic",1,1,1,1,1,1,1,1,"often","often","sometimes",1,0,1,1,1,1,-2,-1,-1,-1,1,2,1,1,2,1,1,-1,1,2,1,"drought",3,0,18.5,2,10,20,34,0,6,0,6,0.380952380952381,0.3,3,0,3,0.666666666666667,0.6,4,0,4,0.4,0,1,1,1,0.5,1,"metal",1,3,1
71,"female",53,"Irseuri",2,8,4,1,"primary",1,0,"knowledge",1.6,2.4,4,0.25,"south","never",25,9,0,"cough","herbs",1,1,NA,NA,"christian","Catholic",1,1,1,1,1,1,1,1,"often","often","sometimes",NA,NA,NA,NA,NA,NA,-1,1,-1,-2,2,1,1,1,1,1,2,-1,1,1,2,"bridewealth",2,0,12.34,2,4,10,31,12,4,1,3,0.4,0,3,0,3,0.5,0,3,1,2,0.5,0,1,0.5,1,0,1,"metal",1,4,4
72,"male",36,"Irkorianga",1,2,1,0,"none",0,1,"prestige",1.4,2.5,1,0.333333333333333,"south","sometimes",10,8,1,"fever","herbs",1,1,1,0,"christian","Lutheran",1,1,1,1,1,1,1,1,"often","often","rarely",NA,NA,NA,NA,NA,NA,-1,-1,-1,-1,1,1,1,1,1,1,1,-1,1,1,2,"drought",2,0,3.9,1,0,3,5,8,7,0,7,0.392857142857143,0.4,4,0,4,0.6,0.545454545454545,6,0,6,0.476190476190476,0.5,1,0.5,1,1,1,"grass",0,1,1
73,"male",40,"Irkorianga",2,10,5,1,"primary",1,0,"prestige",1.2,4.33333333333333,3,0.5,"south","rarely",15,7,0,"cough","herbs",1,1,1,1,"traditional","traditional",1,1,1,1,1,1,-1,-1,"rarely","sometimes","never",1,1,1,1,1,0,-1,1,-1,-1,1,1,1,1,1,1,1,1,-1,1,1,"drought",4,0,40.9,4,0,45,56,18,8,4,4,0.392857142857143,0.321428571428571,4,1,3,0.666666666666667,0,8,4,4,0.392857142857143,0.321428571428571,1,0.5,1,0.5,1,"metal",0,4,6
74,"male",33,"Irkorianga",1,3,1,0,"none",1,0,"knowledge",1.6,NA,1,0.25,"south","sometimes",10,NA,0,"fever","herbs",1,1,1,1,"traditional","traditional",1,1,1,1,1,1,1,1,"rarely","sometimes","never",1,1,1,1,1,0,-1,1,-1,-1,1,1,1,1,1,1,1,1,-1,1,1,"bridewealth",2,0,9.7,2,0,10,17,0,6,1,5,0.380952380952381,0.3,3,1,2,0.5,0,5,0,5,0.466666666666667,0.4,1,1,1,1,1,"grass",0,2,1
75,"male",49,"Irkidotu",2,11,6,0,"none",0.5,1,"knowledge",1.2,3,2,0.333333333333333,"south","rarely",20,8,1,"fever","herbs",1,1,1,1,"traditional","traditional",1,1,0,1,1,1,1,1,"rarely","sometimes","never",1,1,1,1,1,0,1,1,-1,-1,1,1,1,1,1,1,1,1,0,1,1,"bridewealth",2,0,10.5,2,0,10,15,10,9,1,8,0.266666666666667,0.204545454545455,6,1,5,0.333333333333333,0.176470588235294,6,0,6,0.285714285714286,0,1,0.5,1,0,1,"grass",0,4,7
76,"female",51,"Irkishomo",3,4,NA,0,"none",0.5,1,"prestige",1.6,3.85714285714286,3,0.333333333333333,"south","never",21,7,0,"pneumonia","herbs",1,1,1,1,"traditional","traditional",-1,-1,-1,1,1,0,0,0,"never","sometimes","never",1,1,0,1,1,1,1,1,-1,1,1,1,2,1,1,1,1,1,2,1,1,"bridewealth",3,0,4.6,1,0,4,13,0,6,0,6,0.380952380952381,0.3,2,0,2,0.666666666666667,0,5,0,5,0.4,0.25,1,1,1,1,1,"grass",0,4,0
77,"female",29,"Irkorianga",1,2,NA,0,"none",1,NA,"knowledge",1.6,2,1,0.333333333333333,"south","never",10,8,0,"fever","herbs",1,1,1,1,"traditional","traditional",1,1,1,1,1,1,0,1,"never","sometimes","never",1,1,1,1,1,0,-1,1,-1,-1,1,1,0,1,1,1,1,-1,1,1,1,"drought",3,0,4.05,1,15,3,10,3,4,0,4,0.5,0.375,1,0,1,1,NA,4,0,4,0.5,0.375,1,1,1,0,0.5,"grass",0,1,1
78,"male",34,"Irkorianga",1,4,NA,1,"primary",1,1,"knowledge",1.2,4.5,1,0.333333333333333,"south","never",8,8,0,"cough","herbs",1,1,1,1,"traditional","traditional",1,1,0,1,1,1,1,1,"rarely","sometimes","never",1,1,0,1,1,0,-1,-1,-2,-1,1,1,0,1,1,1,2,1,-1,1,1,"drought",4,0,18.5,4,0,15,27,33,12,6,6,0.272727272727273,0.181818181818182,6,3,3,0.4,0,8,3,5,0.388888888888889,0.307692307692308,1,0.5,1,1,0.5,"grass",0,3,1
79,"female",36,"Irkorianga",2,7,4,0,"none",1,0,"prestige",1.2,4.33333333333333,2,0.25,"south","never",18,9,0,"fever","herbs",1,1,1,1,"traditional","traditional",1,1,1,1,1,1,1,1,"never","sometimes","never",1,1,1,1,1,1,-1,-1,-1,-1,1,NA,1,1,1,1,1,-1,-2,2,1,"bridewealth",2,0,5.98,1,8,5,9,10,5,0,5,0.333333333333333,0,3,0,3,0.5,0,5,0,5,0.333333333333333,0,1,1,1,1,1,"grass",0,4,3
80,"male",38,"Irkorianga",2,8,NA,0,"none",0.5,1,"prestige",1.2,3.66666666666667,2,1,"south","rarely",NA,6,NA,"stomach ache","herbs",1,1,1,1,"traditional","traditional",-1,0,0,1,1,1,1,1,"never","sometimes","never",1,1,0,1,1,0,-1,1,-1,-1,1,1,1,1,1,1,1,1,1,1,1,"bridewealth",2,0,77.9,7,0,81,105,72,6,2,4,0.333333333333333,0.176470588235294,3,0,3,0.5,0,6,2,4,0.285714285714286,0,1,0.5,1,0,1,"grass",0,4,4
81,"female",44,"Irkidotu",1,5,3,0,"none",1,0,"knowledge",1.2,3.5,1,0.333333333333333,"south","never",15,6,0,"fever","herbs",1,1,1,1,"traditional","traditional",1,1,1,1,1,1,1,1,"rarely","sometimes","never",1,1,0,1,1,0,-1,-1,-1,-1,1,1,1,1,1,1,1,-1,1,1,1,"bridewealth",2,0,2.93,1,3,2,10,0,7,0,7,0.285714285714286,0.130434782608696,2,0,2,0.666666666666667,0,6,0,6,0.333333333333333,0.176470588235294,1,1,1,1,1,"grass",0,3,2
82,"female",48,"Irkidotu",1,6,5,0,"none",1,0,"knowledge",1.2,1,3,0.333333333333333,"south","never",20,8,0,"cough","herbs",1,1,1,0,"christian","Lutheran",1,-1,-1,1,1,1,-1,1,"often","often","sometimes",1,0,1,1,1,0,-1,-1,-1,-1,1,1,0,2,1,1,1,-1,1,1,2,"drought",2,0,12.15,1,5,12,32,0,8,0,8,0.222222222222222,0,3,0,3,0.5,0,5,0,5,0.333333333333333,0,1,1,1,0.5,0.5,"metal",1,4,2
83,"male",64,"Irkishomo",1,3,2,1,"primary",1,0,"prestige",1.75,1.66666666666667,1,0.333333333333333,"south","never",28,8,0,"fever","herbs",1,1,1,0,"christian","Catholic",1,1,-1,1,1,1,-1,1,"often","often","often",1,0,1,1,1,0,-1,-1,-1,-1,2,2,1,2,1,1,2,-1,1,2,2,NA,NA,NA,5.3,2,10,3,14,7,8,2,6,0.321428571428571,0.130434782608696,4,1,3,0.666666666666667,0,5,1,4,0.333333333333333,0,1,1,1,0,1,"grass",0,2,1
84,"female",31,"Irkidotu",2,3,NA,0,"none",1,0,"knowledge",1.2,3,4,0.333333333333333,"south","never",11,8,0,"fever","dispensary",1,1,1,0,"christian","Lutheran",1,1,1,1,1,1,-1,1,"often","often","very often",1,0,1,1,1,1,-1,-1,-1,-1,1,1,1,1,1,1,1,-1,1,1,1,"drought",5,0,4.67,2,7,4,8,0,5,0,5,0.333333333333333,0,3,0,3,0.5,0,4,0,4,0.4,0,1,1,1,1,1,"metal",1,3,0
85,"female",20,"Nyangulo",4,1,0,1,"primary",0,1,"knowledge",1.4,1.5,4,0.2,"north","never",NA,9,0,"don't know",NA,1,0,0,1,"christian","Pentecostal",0,-1,0,1,1,1,1,1,"never","sometimes","never",0,0,1,0,0,0,1,2,-2,-2,1,-1,0,2,2,1,2,2,0,1,2,"bridewealth",4,0,6.5,4,0,5,3,7,14,2,12,0.133333333333333,0,5,0,5,0.333333333333333,0,9,2,7,0.2,0,0,1,1,1,1,"grass",0,0,1
86,"female",25,"Irkorianga",6,4,3,1,"primary",0,1,"knowledge",1.2,2,6,0.5,"north","never",3,4,1,"fever",NA,1,0,0,1,"christian","Catholic",-1,-1,-1,1,1,1,1,1,"rarely","rarely","never",0,0,0,0,1,0,2,1,-2,2,1,0,2,2,2,1,1,2,-2,2,1,"bridewealth",2,2,1.41,1,1,1,1,1,16,0,16,0.132352941176471,0.048,8,0,8,0.277777777777778,0.181818181818182,8,0,8,0.222222222222222,0,1,1,0,1,1,"grass",0,4,0
87,"female",27,"Irkorianga",1,3,2,0,"none",1,0,"knowledge",0.6,2.5,1,0.5,"north","never",5,4,1,"don't know","friends/family",1,0,1,0,"christian","Catholic",-1,1,-1,1,1,1,0,1,"rarely","often","never",1,0,0,0,0,0,1,2,-1,0,2,2,2,1,2,2,2,1,0,1,2,"bridewealth",5,0,4.33,1,3,4,5,5,21,1,20,0.142857142857143,0.135746606334842,10,1,9,0.181818181818182,0,11,0,11,0.303030303030303,0.348837209302326,1,1,1,1,1,"grass",0,1,2
88,"female",68,NA,2,11,1,0,"none",0,1,"knowledge",1.2,1,2,0.333333333333333,"north","never",6,3,0,"fever","hospital",0,0,0,1,"traditional","traditional",0,1,-1,1,0,1,0,0,"never","often","never",0,0,0,1,0,0,2,1,0,-2,2,0,1,2,-2,1,0,2,-2,-1,1,"bridewealth",2,0,69.5,17,0,70,80,40,18,0,18,0.116959064327485,0.0379746835443038,9,0,9,0.2,0,9,0,9,0.222222222222222,0.0789473684210526,1,1,1,1,1,"grass",0,5,6
89,"female",65,"Irkishomo",3,10,5,0,"none",0,1,"knowledge",0.8,1.25,3,0.166666666666667,"north","sometimes",NA,8,1,"fever","herbs",0,0,0,0,"christian","Catholic",1,1,-1,1,1,1,0,1,"often","often","never",0,0,1,0,0,0,0,2,2,-2,2,-1,0,1,2,1,-1,2,-2,2,1,"bridewealth",5,0,5.87,3,7,5,4,4,27,4,23,0.082010582010582,0.0252100840336134,10,0,10,0.218181818181818,0.0638297872340425,17,4,13,0.117647058823529,0.0217391304347826,1,1,1,1,1,"grass",0,4,6
90,"female",78,"Irkishomo",2,9,3,0,"none",1,0,"knowledge",1.6,1.33333333333333,2,0.2,"north","never",6,7,1,"malaria","herbs",0,0,0,0,"christian","Catholic",0,1,0,1,1,1,1,1,"rarely","often","never",0,0,1,0,0,0,1,NA,-1,0,2,-2,1,0,2,2,0,NA,1,2,2,"bridewealth",2,2,5.16,3,6,3,10,5,26,2,24,0.0740740740740741,0,10,0,10,0.181818181818182,0,16,2,14,0.117647058823529,0,1,1,1,1,1,"grass",0,5,4
91,"female",25,NA,2,6,2,0,"none",0,1,"knowledge",0.6,1.5,2,0.333333333333333,"north","never",5,5,1,"fever","herbs",0,0,0,0,"christian","Lutheran",1,-1,-1,1,0,1,0,-1,"sometimes","often","never",0,0,0,0,0,1,-1,-1,1,-2,2,0,1,2,2,0,1,2,-1,2,0,"bridewealth",2,0,5.6,4,0,3,5,10,16,0,16,0.117647058823529,0,9,0,9,0.2,0,7,0,7,0.25,0,1,1,1,1,1,"grass",0,2,4
92,"male",32,"Irkorianga",1,2,2,0,"none",0,1,"knowledge",0.8,1.33333333333333,2,0.333333333333333,"north","often",10,6,0,"fever","herbs",1,NA,NA,NA,"christian","Catholic",1,0,-1,1,1,1,1,1,"never","never","never",NA,NA,NA,NA,NA,1,1,2,-2,-2,2,2,0,1,0,-2,1,1,-1,1,2,"bridewealth",1,0,5.55,5,5,2,10,6,18,0,18,0.116959064327485,0.0379746835443038,10,0,10,0.181818181818182,0,8,0,8,0.25,0.1,1,1,1,1,1,"grass",1,1,1
93,"male",45,"Irkidotu",1,4,2,0,"none",0,1,"knowledge",1.4,1.25,1,1,"north","very often",NA,4,NA,"fever","herbs",1,NA,NA,1,"traditional","traditional",1,-1,-1,1,1,1,1,1,"never","never","never",1,NA,NA,NA,NA,NA,-2,1,-2,-2,2,1,0,1,1,1,0,2,2,1,2,"bridewealth",3,0,0.7,0,0,0,4,3,24,0,24,0.0966666666666667,0.0517241379310345,16,0,16,0.132352941176471,0.048,8,0,8,0.277777777777778,0.181818181818182,1,1,0,1,1,"grass",0,2,2
94,"male",47,"Irkidotu",2,8,2,0,"none",NA,NA,NA,1.2,3.66666666666667,3,0.333333333333333,"north","sometimes",15,6,0,"malaria","hospital",NA,NA,NA,NA,"christian","Catholic",-1,0,0,1,1,1,1,1,"rarely","rarely","never",0,1,0,0,1,1,2,2,2,2,2,2,2,2,2,2,2,2,2,2,2,NA,NA,NA,80.5,5,100,100,10,60,23,3,20,0.138339920948617,0.147368421052632,12,1,11,0.166666666666667,0.0441176470588235,12,2,10,0.212121212121212,0.101694915254237,1,1,1,1,1,"grass",1,4,4
95,"male",23,"Nyangulo",1,1,0,1,"primary",0,1,"knowledge",0.8,1.5,1,0.5,"north","rarely",6,4,0,"fever","herbs",NA,NA,NA,1,"christian","Catholic",1,0,0,1,1,1,1,1,"never","never","never",NA,NA,NA,NA,1,NA,2,2,0,-2,0,-2,NA,NA,0,-1,-1,-1,-2,2,-1,"bridewealth",2,0,7.45,2,5,8,8,0,20,4,16,0.10952380952381,0.0454545454545455,10,2,8,0.181818181818182,0,10,2,8,0.218181818181818,0.12,1,1,1,1,1,NA,0,1,0
96,"female",37,"Irkorianga",3,4,0,0,"none",0,1,"knowledge",0.75,1.33333333333333,4,0.333333333333333,"north","never",18,NA,0,"fever","nothing",1,0,0,1,"traditional","traditional",1,-1,0,1,1,-1,0,1,"never","never","never",NA,1,NA,NA,NA,NA,2,1,-2,2,2,2,2,0,-1,0,2,0,-2,2,1,"bridewealth",10,0,7.36,5,6,4,10,10,18,1,17,0.105263157894737,0,4,0,4,0.4,0,14,1,13,0.133333333333333,0,1,1,1,1,1,"grass",1,3,1
97,"male",39,"Irkorianga",4,6,1,0,"none",0,1,"knowledge",0.4,1.5,5,0,"north","rarely",15,6,0,"fever","hospital",NA,NA,1,NA,"christian","Lutheran",0,-1,-1,1,0,1,1,1,"often","rarely","never",NA,1,NA,NA,NA,NA,2,1,0,2,2,1,0,-1,2,1,2,-2,0,1,2,"bridewealth",3,3,96,7,0,85,150,180,21,1,20,0.0909090909090909,0,9,0,9,0.2,0,13,1,12,0.142857142857143,0,1,1,1,1,1,"grass",1,2,4
98,"female",29,"Irkorianga",2,10,5,0,"none",1,0,"knowledge",1.2,1.4,2,0.166666666666667,"north","often",9,8,0,"fever","hospital",NA,NA,1,NA,"traditional","traditional",1,-1,0,1,1,1,0,0,"never","sometimes",NA,NA,NA,0,NA,1,NA,2,2,-2,-2,0,0,2,0,2,1,0,-1,-2,-1,2,"bridewealth",6,6,17.82,20,2,8,7,15,17,1,16,0.111111111111111,0,8,1,7,0.222222222222222,0,9,0,9,0.2,0,1,1,1,1,1,"grass",0,2,8
99,"female",23,"Nyangulo",4,7,4,0,"none",0,1,"knowledge",1,1.75,4,0.25,"north","never",7,7,1,NA,NA,NA,NA,NA,1,"traditional","traditional",1,-1,0,-1,-1,1,1,1,"never","never","never",NA,NA,NA,NA,NA,1,2,1,-2,0,-1,1,2,0,0,-1,0,2,0,-1,2,"bridewealth",2,2,20.9,2,20,20,3,54,18,1,17,0.111111111111111,0.0193548387096774,6,1,5,0.333333333333333,0.176470588235294,12,0,12,0.153846153846154,0,1,1,1,1,1,"grass",0,4,3
100,"female",23,"Nyangulo",1,0,0,0,"none",0,1,"knowledge",0.8,1,1,1,"north","never",NA,6,NA,"don't know","friends/family",1,0,1,1,"traditional","traditional",-1,1,1,1,1,1,1,1,"never","when in need","never",NA,1,NA,NA,NA,NA,2,2,-1,1,2,2,2,1,1,0,1,-1,1,2,2,"bridewealth",2,0,1.84,1,4,1,2,4,16,1,15,0.147058823529412,0.0895522388059701,11,1,10,0.166666666666667,0,6,0,6,0.333333333333333,0.176470588235294,1,1,1,0.5,1,"grass",0,0,0
101,"male",41,"Irkidotu",3,7,4,0,"none",1,0,"knowledge",0.6,1.5,3,1,"north","rarely",NA,NA,NA,"malaria","herbs",1,NA,NA,NA,"traditional","traditional",0,1,-1,1,1,0,0,0,"never","never","never",NA,1,NA,NA,NA,NA,1,0,-2,1,2,1,2,1,2,1,-1,-1,2,1,2,"bridewealth",2,2,82.6,0,250,100,1,100,13,0,13,0.142857142857143,0,8,0,8,0.222222222222222,0,5,0,5,0.333333333333333,0,1,1,1,1,1,"grass",0,4,3
102,"male",30,"Irkorianga",1,7,3,1,"primary",0,1,"knowledge",0.8,2.5,1,0.333333333333333,"north","rarely",10,5,0,"pneumonia","hospital",1,NA,NA,NA,"christian","Lutheran",0,-1,-1,1,0,0,0,0,NA,NA,"never",NA,NA,NA,1,NA,NA,2,1,1,0,2,1,2,1,1,2,0,-1,1,-2,-2,"drought",3,0,32.52,1,2,40,30,10,18,3,15,0.12280701754386,0.0559006211180124,10,2,8,0.181818181818182,0,8,1,7,0.277777777777778,0.181818181818182,1,1,1,1,1,"grass",0,6,1
103,"male",36,"Irkorianga",2,7,4,1,"primary",0,1,"knowledge",0.6,1.66666666666667,2,0.333333333333333,"north","rarely",4,5,0,"fever","herbs",1,NA,NA,NA,"christian","Catholic",1,-1,-1,0,1,1,0,0,"never","rarely","never",NA,1,NA,NA,NA,NA,2,2,1,1,2,1,2,1,2,2,0,0,1,1,2,"drought",3,0,17,3,0,16,15,28,21,4,17,0.123809523809524,0.087378640776699,12,4,8,0.205128205128205,0.155844155844156,9,0,9,0.2,0,1,1,1,1,1,"grass",0,3,4
104,"male",20,"Nyangulo",1,1,0,0,"none",0,1,"knowledge",0.8,1.5,1,0.5,"north","rarely",2,4,0,"fever","friends/family",NA,NA,1,NA,"traditional","traditional",0,-1,1,0,1,-1,0,0,"never","never","never",1,1,0,NA,NA,NA,2,1,1,2,1,0,0,-1,-1,-2,1,2,-1,0,0,"drought",2,2,1.3,0,0,1,5,1,16,0,16,0.139705882352941,0.0697674418604651,8,0,8,0.222222222222222,0,8,0,8,0.277777777777778,0.181818181818182,1,1,1,1,1,"grass",0,0,1
105,"female",38,"Irkidotu",2,11,3,0,"none",0,1,"knowledge",0.8,1.25,2,NA,"north","never",NA,6,NA,"fever","herbs",1,NA,1,NA,"christian","Lutheran",-1,-1,0,1,1,1,0,1,"rarely","sometimes","never",1,1,0,NA,NA,NA,2,2,-1,-1,1,1,2,1,2,1,NA,1,NA,2,2,"bridewealth",1,0,2.6,1,40,2,2,1,26,0,26,0.0740740740740741,0,19,0,19,0.1,0,11,0,11,0.166666666666667,0,1,1,1,1,1,"grass",0,6,5
106,"male",72,"Irkishomo",4,15,8,0,"none",0,1,"prestige",0.8,1.25,4,1,"north","never",NA,4,NA,"diarrhea","herbs",NA,NA,1,NA,"traditional","traditional",1,-1,-1,-1,1,1,-1,1,"never","sometimes","never",NA,NA,NA,NA,NA,1,2,2,-2,2,1,0,0,1,0,0,1,-2,0,1,2,"drought",4,4,84.6,7,0,105,72,4,18,1,17,0.111111111111111,0.0193548387096774,11,1,10,0.166666666666667,0,8,1,7,0.222222222222222,0,1,1,1,1,1,"grass",0,8,7
107,"female",42,"Irkidotu",2,8,1,0,"none",0,1,"prestige",1,1.66666666666667,2,0.5,"north","never",25,5,0,"fever","herbs",NA,NA,1,NA,"traditional","traditional",0,0,1,1,1,1,0,0,"never","sometimes",NA,NA,0,NA,0,NA,0,2,2,1,-2,-2,0,0,1,2,1,2,1,NA,2,1,"bridewealth",1,0,6.82,4,2,6,3,3,16,0,16,0.125,0.0245901639344262,10,0,10,0.181818181818182,0,6,0,6,0.333333333333333,0.176470588235294,1,1,1,1,1,"grass",0,3,5
108,"female",43,"Irkishomo",4,0,NA,0,"none",0,1,"prestige",1,1,4,1,"north","never",NA,4,NA,"fever","herbs",1,NA,1,NA,"traditional","traditional",-1,0,-1,0,1,1,0,0,"never","sometimes","never",NA,NA,NA,NA,NA,1,2,1,0,-2,0,0,2,0,1,1,2,0,1,2,1,"bridewealth",2,0,12.9,5,0,12,11,9,14,1,13,0.133333333333333,0,1,1,0,1,NA,13,0,13,0.142857142857143,0,1,1,1,1,1,"grass",0,0,0
109,"female",74,"Nyangusi",7,8,2,0,"none",0,1,"prestige",0.8,1.4,7,0.5,"north","never",12,4,0,"fever","herbs",NA,1,NA,NA,"christian","Catholic",1,0,1,1,1,1,0,0,"never","sometimes","never",NA,1,NA,NA,NA,NA,1,2,NA,NA,0,NA,0,1,2,NA,1,2,NA,1,2,"bridewealth",4,4,5.21,2,1,5,4,3,25,5,20,0.133333333333333,0.135977337110482,10,0,10,0.181818181818182,0,15,5,10,0.247619047619048,0.276595744680851,1,1,1,1,1,"grass",0,4,4
110,"male",105,"Nyangusi",7,100,72,0,"none",0,1,"knowledge",0.8,1.33333333333333,7,0.5,"north","never",30,2,0,"pneumonia","friends/family",NA,NA,NA,NA,"traditional","traditional",-1,0,0,1,0,0,1,1,"never","often","never",NA,NA,NA,NA,NA,1,2,2,-2,1,0,-2,2,0,0,0,1,0,-1,1,1,NA,NA,NA,NA,NA,NA,NA,NA,NA,21,3,18,0.0995670995670996,0.0280373831775701,8,0,8,0.222222222222222,0,13,3,10,0.164835164835165,0.0731707317073171,1,1,0,0,1,"grass",0,48,52
111,"female",34,"Irkidotu",1,6,2,0,"none",1,0,"knowledge",0.75,2,1,0.25,"north","never",5,6,0,"pneumonia","hospital",NA,NA,NA,NA,"christian","Lutheran",-1,-1,0,1,1,1,1,NA,"sometimes","often","never",NA,NA,1,NA,NA,NA,2,2,-2,-1,2,-2,0,1,2,0,1,1,0,2,2,"bridewealth",1,1,5.2,4,0,3,5,6,21,0,21,0.103896103896104,0.0414746543778802,6,0,6,0.285714285714286,0,15,0,15,0.125,0,1,1,1,1,0,"grass",0,2,4
112,"male",29,"Irkorianga",2,3,2,0,"none",0,1,"knowledge",1.2,1.66666666666667,2,0.333333333333333,"north","sometimes",10,3,0,NA,NA,NA,NA,1,NA,"christian","Catholic",-1,1,-1,1,1,1,0,-1,NA,"never","never",NA,NA,NA,1,1,NA,2,0,-1,2,1,2,2,1,0,2,1,0,-1,2,1,"bridewealth",2,0,15.8,8,0,15,9,4,18,0,18,0.111111111111111,0.0193548387096774,8,0,8,0.222222222222222,0,10,0,10,0.2,0.0638297872340425,1,1,1,1,1,"grass",0,2,1
113,"female",50,"Irkishomo",12,12,0,0,"none",0,1,"knowledge",0.8,1,12,0.5,"north","never",25,4,0,"fever","herbs",NA,NA,1,1,"christian","Lutheran",1,0,1,0,-1,-1,1,0,"never","sometimes","never",NA,NA,NA,NA,NA,NA,2,1,2,1,0,2,2,1,2,1,2,2,0,1,0,"bridewealth",1,1,21.43,0,3,30,2,2,19,0,19,0.1,0,9,0,9,0.2,0,12,0,12,0.153846153846154,0,1,1,1,1,1,"grass",0,3,9
114,"female",24,"Irkorianga",1,4,2,1,"secondary",0,1,"knowledge",0.6,2.5,1,NA,"north","rarely",3,NA,1,"fever","hospital",NA,1,NA,NA,"christian","Catholic",1,1,1,1,1,1,1,1,"often","often","often",NA,NA,1,NA,NA,NA,-2,-2,2,-2,2,2,1,1,1,2,1,-2,1,2,2,"bridewealth",0,0,3.62,0,2,4,3,5,18,0,18,0.105263157894737,0,10,0,10,0.181818181818182,0,8,0,8,0.222222222222222,0,1,1,1,1,1,"grass",0,3,1
115,"male",35,"Irkorianga",2,7,4,0,"none",0,1,"knowledge",1.2,3.5,2,0.333333333333333,"north","never",7,6,0,"malaria","herbs",NA,NA,NA,1,"traditional","traditional",0,-1,0,1,1,1,1,1,"sometimes","when in need","never",NA,NA,0,NA,NA,1,-2,-1,-2,-1,2,1,0,2,1,1,1,2,-2,2,2,"bridewealth",1,0,3.8,2,0,3,4,3,24,1,23,0.0866666666666667,0.0213523131672598,16,0,16,0.117647058823529,0,9,1,8,0.222222222222222,0.0789473684210526,1,1,0.5,1,0,"grass",0,5,2
116,"female",68,"Irkishomo",6,9,5,0,"none",0,1,"knowledge",0.4,1,6,0.333333333333333,"north","never",35,6,0,"malaria","hospital",NA,1,NA,NA,"christian","Catholic",1,1,-1,1,1,1,1,1,"very often","often","never",NA,NA,1,NA,NA,NA,1,2,-1,0,2,2,1,2,1,2,1,0,1,2,1,"drought",2,2,41.1,3,20,50,40,4,19,1,18,0.105263157894737,0.0173410404624277,8,0,8,0.222222222222222,0,11,1,10,0.181818181818182,0.0526315789473684,1,1,1,1,1,"grass",0,5,4
117,"male",85,"Irseuri",7,40,0,0,"none",0,1,"knowledge",0.6,NA,7,0.5,"north","never",45,NA,0,"fever","herbs",1,NA,NA,NA,"traditional","traditional",0,-1,NA,0,0,0,NA,0,"never","never","never",NA,1,0,NA,NA,NA,2,2,-1,1,1,0,2,0,0,0,1,2,0,2,1,"bridewealth",2,0,NA,NA,0,95,82,78,17,1,16,0.111111111111111,0,11,1,10,0.166666666666667,0,6,0,6,0.285714285714286,0,1,1,1,1,1,"grass",0,18,22
118,"male",52,"Irkidotu",1,5,2,0,"none",0,1,"knowledge",1,1.5,NA,0.25,"north","often",4,8,1,"fever","herbs",NA,1,NA,NA,"christian","Catholic",0,1,-1,1,0,1,0,0,"never","sometimes","sometimes",NA,1,NA,NA,NA,NA,2,1,0,1,2,2,1,1,2,2,1,1,1,2,2,"drought",2,2,NA,NA,NA,NA,NA,NA,17,1,16,0.117647058823529,0.0217391304347826,11,1,10,0.166666666666667,0,6,0,6,0.285714285714286,0,1,1,1,1,1,NA,NA,2,3
119,"female",27,"Irkorianga",NA,1,1,0,"none",0,1,"knowledge",0.8,1.5,NA,0.333333333333333,"north","never",5,NA,1,"fever","herbs",1,NA,1,NA,"traditional","traditional",1,1,0,1,1,1,1,1,"never","rarely","never",0.5,0,0,1,NA,NA,1,2,-2,-1,2,1,2,1,0,0,1,2,0,2,2,"bridewealth",2,0,9.94,4,4,7,10,20,29,0,29,0.0781609195402299,0.0216867469879518,18,0,18,0.105263157894737,0,11,0,11,0.227272727272727,0.1,1,1,1,1,1,"grass",0,1,0
120,"male",27,"Nyangulo",1,1,0,0,"none",0,1,"knowledge",0.6,2.5,1,0.25,"north","rarely",4,7,1,"malaria","nothing",NA,NA,1,1,"traditional","traditional",0,-1,0,-1,1,1,0,-1,"never","never","never",1,1,1,NA,NA,NA,2,2,2,-1,-2,1,2,-1,-2,-1,2,NA,1,2,1,"drought",1,0,1.4,2,0,0,4,0,14,0,14,0.133333333333333,0,5,0,5,0.333333333333333,0,9,0,9,0.2,0,1,1,1,1,1,"grass",0,0,1
121,"male",24,"Nyangulo",0,0,0,0,"none",0,1,"knowledge",0.75,2,1,0.5,"north","very often",17,NA,0,"fever","herbs",NA,NA,1,NA,"christian","Catholic",1,1,-1,1,1,1,0,0,"never","never","never",NA,1,NA,NA,NA,NA,2,2,-1,1,1,2,2,1,2,2,1,2,1,0,1,"bridewealth",2,2,185.5,12,0,75,750,520,21,0,21,0.0909090909090909,0,10,0,10,0.181818181818182,0,13,0,13,0.142857142857143,0,1,1,1,1,1,"grass",1,0,0
122,"male",29,"Irkorianga",2,5,4,1,"primary",0,1,"knowledge",0.8,1.33333333333333,2,0.2,"north","very often",10,6,0,"fever","hospital",NA,NA,NA,1,"traditional","traditional",1,1,-1,1,0,1,0,1,"never",NA,"never",NA,1,0,NA,NA,NA,2,2,1,2,0,NA,-1,-1,-1,0,-2,2,0,1,2,"bridewealth",2,2,2.9,0,0,2,5,10,19,1,18,0.110526315789474,0.0340909090909091,10,0,10,0.181818181818182,0,9,1,8,0.222222222222222,0.0789473684210526,1,1,0.5,0.5,0,"grass",0,2,3
123,"female",30,"Irkidotu",3,7,3,0,"none",0,1,"knowledge",0.8,NA,3,0.5,"north","never",3,NA,1,"fever","herbs",1,NA,NA,NA,"christian","Catholic",0,-1,-1,1,1,1,1,1,"often","sometimes","never",0,NA,NA,NA,1,NA,2,1,-2,2,2,-1,2,0,NA,1,2,0,NA,2,1,"bridewealth",3,0,83.4,10,40,100,40,40,19,0,19,0.1,0,5,0,5,0.333333333333333,0,14,0,14,0.133333333333333,0,1,1,1,1,1,"grass",0,3,4
124,"male",24,"Nyangulo",2,5,2,1,"secondary",0,1,"prestige",1,3.5,2,0.5,"north","rarely",4,5,1,"fever","herbs",NA,1,NA,NA,"christian","Catholic",1,1,-1,0,1,1,0,0,"rarely","sometimes","never",1,1,0,NA,NA,NA,2,2,1,0,1,1,2,1,2,0,1,0,0,1,2,"drought",3,0,63,7,0,76,48,15,27,4,23,0.0767195767195767,0.0168539325842697,10,1,9,0.181818181818182,0,17,3,14,0.124183006535948,0.0425531914893617,1,1,1,1,1,"grass",0,2,3
125,"male",26,"Nyangulo",1,1,0,0,"none",NA,NA,NA,0.25,1.5,1,1,"north","never",NA,4,NA,"pneumonia","hospital",1,0,1,1,"traditional","traditional",0,1,-1,NA,1,1,0,0,"never","never","never",NA,1,NA,1,NA,1,1,2,-1,-1,1,-1,0,1,-1,2,1,2,2,1,2,"bridewealth",2,0,4.8,1,0,3,16,6,18,0,18,0.105263157894737,0,9,0,9,0.2,0,9,0,9,0.2,0,1,1,1,0.5,1,"grass",0,0,1
126,"female",85,"Nyangusi",5,12,5,0,"none",0,1,"knowledge",1,1,5,0.5,"north","never",NA,NA,NA,"pneumonia","herbs",NA,NA,NA,NA,"traditional","traditional",-1,0,-1,1,1,1,1,1,"never","sometimes","never",NA,NA,1,NA,NA,NA,2,2,-2,1,2,0,2,NA,1,2,0,1,0,1,1,"bridewealth",2,0,NA,20,50,200,NA,45,18,1,17,0.116959064327485,0.0379746835443038,5,0,5,0.333333333333333,0,13,1,12,0.153846153846154,0.0375,1,1,1,1,1,"grass",0,5,7
127,"male",28,"Nyangulo",0,0,0,0,"none",0.5,1,"prestige",1.2,1.5,0,0.5,"north","never",NA,4,0,"don't know","herbs",1,NA,1,1,"christian","Lutheran",1,0,-1,1,1,1,1,1,"never","sometimes","never",NA,1,0,1,NA,1,2,1,0,-1,1,1,1,2,0,-1,1,0,-1,2,2,"drought",5,0,124.8,17,0,150,85,28,31,6,25,0.0817204301075269,0.0398230088495575,10,0,10,0.181818181818182,0,21,6,15,0.104761904761905,0.015625,1,1,1,1,1,"grass",0,0,0
128,"male",36,"Irkorianga",4,6,4,0,"none",0,1,"prestige",0.8,1.75,4,1,"north","sometimes",NA,6,NA,"fever","herbs",NA,NA,NA,1,"christian","Pentecostal",0,0,0,1,0,1,0,0,"never","never","never",NA,NA,NA,NA,1,NA,2,1,-1,0,2,-2,2,0,0,0,1,2,1,2,1,"drought",3,3,23.7,10,0,25,2,10,19,1,18,0.1,0,12,1,11,0.153846153846154,0,7,0,7,0.25,0,1,1,1,1,1,"grass",0,2,4
129,"male",32,"Irkorianga",3,11,5,0,"none",0,1,"prestige",0.8,2.25,4,1,"north","never",NA,5,NA,"fever","herbs",NA,NA,NA,1,"christian","Pentecostal",1,-1,1,0,0,1,0,0,"never","never","never",1,0.5,NA,NA,NA,NA,2,2,-2,1,2,1,2,1,0,0,1,-2,0,1,2,"bridewealth",5,5,136,56,0,100,230,150,21,0,21,0.0952380952380952,0.0141509433962264,10,0,10,0.181818181818182,0,11,0,11,0.166666666666667,0,1,1,1,1,1,"grass",1,5,6
130,"male",75,"Irkishomo",8,40,0,0,"none",0,1,"knowledge",1,1.6,9,0.333333333333333,"north","sometimes",15,4,0,"pneumonia","herbs",NA,NA,1,1,"traditional","traditional",0,-1,0,1,1,1,0,-1,"never","sometimes","never",1,1,0,NA,NA,1,-1,1,-2,2,2,1,2,0,0,0,2,1,0,2,0,"bridewealth",3,0,NA,88,0,80,NA,100,15,0,15,0.125,0,8,0,8,0.222222222222222,0,13,0,13,0.142857142857143,0,1,1,1,1,1,"grass",1,12,28
131,"male",30,"Irkorianga",2,3,2,0,"none",0,1,"knowledge",0.8,2,2,0.5,"north","never",NA,7,NA,"fever","hospital",1,NA,NA,1,"traditional","traditional",1,1,-1,0,0,1,0,0,"often","sometimes","never",1,1,0,NA,NA,NA,1,0,0,1,1,2,1,2,0,NA,1,2,0,2,1,"bridewealth",2,2,NA,3,0,14,NA,20,23,1,22,0.0978260869565217,0.0456273764258555,16,1,15,0.147058823529412,0.0923076923076923,12,0,12,0.153846153846154,0,1,1,1,1,0,"grass",0,2,1
132,"female",65,"Irseuri",4,4,4,0,"none",0,1,"knowledge",0.8,1.2,4,0.25,"north","often",10,7,1,"pneumonia","herbs",1,NA,NA,NA,"christian","Lutheran",1,1,-1,1,0,1,0,0,"never","never","never",1,0,1,NA,1,NA,2,1,2,1,2,1,2,0,2,0,1,0,1,0,1,"drought",1,0,8.6,4,10,5,10,20,11,0,11,0.181818181818182,0.0526315789473684,5,0,5,0.333333333333333,0,8,0,8,0.25,0.1,1,1,1,1,1,"grass",0,2,2
133,"male",52,"Irkidotu",2,4,3,0,"none",0,1,"knowledge",0.8,2.33333333333333,2,0.2,"north","sometimes",10,9,1,"fever","herbs",1,NA,NA,NA,"christian","Lutheran",1,0,0,1,1,1,0,0,"never","never","never",NA,NA,NA,NA,1,NA,2,1,2,0,1,0,2,1,2,1,2,1,2,1,1,"drought",2,0,3.95,2,5,2,5,10,20,4,16,0.133333333333333,0.108597285067873,12,2,10,0.179487179487179,0.0845070422535211,9,3,6,0.266666666666667,0.204545454545455,1,1,1,1,1,"grass",0,2,2
134,"male",50,"Irkidotu",4,11,2,0,"none",0,1,"knowledge",0.8,1.4,4,0.5,"north","never",NA,4,NA,NA,NA,1,NA,NA,NA,"traditional","traditional",1,0,-1,1,1,0,0,0,"never","never","never",1,1,NA,NA,NA,NA,1,1,0,1,2,2,2,2,1,1,2,2,1,2,2,"drought",7,7,7.7,4,0,6,5,10,21,0,21,0.0909090909090909,0,9,0,9,0.2,0,12,0,12,0.153846153846154,0,1,1,1,1,1,"grass",0,8,3
135,"male",32,"Irkorianga",1,2,0,1,"primary",NA,1,"knowledge",1,2.5,1,0.5,"north",NA,32,7,0,"malaria","herbs",NA,NA,1,1,"christian","Catholic",1,0,-1,1,1,1,1,1,"rarely","sometimes","never",NA,NA,NA,1,NA,NA,1,1,-1,1,1,1,1,1,1,1,1,1,-1,1,1,"bridewealth",10,0,770.55,1,5,1000,200,500,46,14,32,0.0919661733615222,0.113155473781049,26,6,20,0.0854700854700855,0.0358208955223881,23,8,15,0.16017316017316,0.181132075471698,1,1,1,1,1,"grass",0,1,1
136,"male",68,"Irkidotu",2,12,8,1,"primary",NA,1,"knowledge",0.8,1.875,2,0.5,"north","never",20,7,1,"fever","herbs",1,NA,1,1,"traditional","traditional",-1,1,-1,1,1,1,-1,0,"never","never","never",NA,NA,NA,NA,1,NA,1,1,-1,1,-1,1,1,-1,-1,1,1,1,-1,1,1,"bridewealth",10,0,36.1,6,10,30,100,20,31,3,28,0.0745967741935484,0.0374220374220374,12,0,12,0.153846153846154,0,19,3,16,0.115789473684211,0.050561797752809,1,1,1,1,1,"grass",0,5,7
137,"male",37,"Irkorianga",1,4,1,1,"primary",NA,NA,NA,1,3,1,0.25,"north",NA,3,NA,0,"pneumonia","herbs",1,NA,NA,1,"traditional","traditional",1,1,0,1,1,1,1,1,"never","often","never",NA,1,0,NA,1,1,1,1,-1,-1,1,1,-1,1,1,-1,1,1,-1,1,1,NA,NA,NA,7.3,2,0,6,15,6,24,3,21,0.0833333333333333,0.0107913669064748,14,3,11,0.133333333333333,0,10,0,10,0.181818181818182,0,1,1,1,1,1,"grass",0,2,2
138,"male",68,"Irkidotu",2,7,4,0,"primary",0,1,"knowledge",1.4,1.25,2,0.2,"north","sometimes",3,5,1,NA,"herbs",1,NA,1,1,"christian","Catholic",-1,-1,-1,1,1,1,1,NA,"rarely","sometimes","never",NA,NA,NA,NA,NA,1,2,2,-1,2,1,2,2,2,2,2,1,-1,2,2,2,"bridewealth",1,0,11.4,3,10,4,40,30,24,4,20,0.141304347826087,0.133333333333333,11,0,11,0.196969696969697,0.1,14,4,10,0.161904761904762,0.0918367346938776,1,1,1,1,1,"grass",0,3,4
139,"male",55,"Irkidotu",1,8,7,0,NA,0.5,1,"knowledge",1.4,3.33333333333333,2,0.25,"north","rarely",36,9,0,NA,"herbs",1,1,1,1,"christian","Catholic",1,0,0,1,1,1,1,1,"rarely","when in need","never",NA,1,NA,1,1,1,2,2,-2,-2,2,-2,2,2,2,0,2,-2,0,2,2,NA,NA,NA,20.6,3,0,15,47,39,20,0,20,0.0952380952380952,0,14,0,14,0.133333333333333,0,6,0,6,0.285714285714286,0,1,1,1,1,1,"grass",1,3,5
140,"male",88,"Nyangusi",9,37,27,0,"none",0,1,"knowledge",1,1.625,9,1,"north","never",25,5,NA,"fever","herbs",1,0,NA,NA,"traditional","traditional",-1,1,-1,1,0,1,0,0,"never","sometimes","never",NA,1,NA,NA,NA,NA,1,1,-1,0,2,1,1,2,NA,0,1,0,NA,0,2,"drought",2,0,59,10,0,70,30,20,19,0,19,0.1,0,10,0,10,0.181818181818182,0,9,0,9,0.2,0,1,1,1,1,1,"grass",0,17,20
141,"male",42,"Irkorianga",2,5,2,0,"none",0,1,"knowledge",0.6,2.66666666666667,2,0.5,"north","sometimes",7,5,0,"fever","herbs",NA,NA,1,NA,"christian","Catholic",1,0,-1,1,1,1,0,0,"never","sometimes",NA,NA,1,0,1,NA,NA,2,2,-1,1,2,2,1,1,2,0,1,0,1,2,2,"bridewealth",4,4,7.3,3,0,7,4,5,27,5,22,0.094017094017094,0.0695652173913043,13,3,10,0.142857142857143,0,15,3,12,0.171428571428571,0.0918367346938776,1,1,1,1,1,"grass",0,3,2
142,"female",69,"Irseuri",7,7,2,0,"none",0,1,"prestige",1,1.4,7,0.5,"north","never",7,5,1,"pneumonia","herbs",1,NA,NA,NA,"traditional","traditional",1,1,-1,1,1,1,1,1,"never","never","never",NA,1,NA,NA,NA,NA,2,1,0,1,2,1,0,1,1,2,2,1,1,2,2,"drought",1,1,11.9,5,0,8,32,6,19,0,19,0.1,0,10,0,10,0.181818181818182,0,11,0,11,0.166666666666667,0,1,1,1,1,1,"grass",0,4,3
143,"male",32,"Irkorianga",4,11,0,0,"none",0,1,"prestige",1,2.14285714285714,5,0.25,"north","never",NA,6,NA,"fever","herbs",NA,NA,1,NA,"traditional","traditional",0,0,-1,1,0,0,0,0,"never","never","never",1,1,0,NA,NA,NA,2,1,0,-1,2,2,1,2,0,0,1,0,1,2,2,"bridewealth",4,0,140.3,92,0,100,165,78,20,2,18,0.1,0.015625,11,2,9,0.166666666666667,0,9,0,9,0.2,0,1,1,1,1,1,"grass",1,7,4
144,"male",30,"Irkorianga",1,3,2,0,"none",0,1,"knowledge",1.4,2.5,1,0.5,"north","never",8,6,0,"fever","hospital",1,NA,NA,NA,"traditional","traditional",1,0,0,0,1,1,0,0,"never","never","never",NA,NA,NA,NA,NA,1,2,2,1,2,1,1,2,1,2,1,2,1,2,1,1,"bridewealth",4,4,7.3,3,0,7,4,5,12,0,12,0.153846153846154,0,5,0,5,0.333333333333333,0,7,0,7,0.25,0,1,1,1,1,1,"grass",0,2,1
145,"male",86,"Irseuri",12,98,0,0,"none",0,1,"prestige",0.8,1.05,12,0.5,"north","never",48,4,1,"fever","herbs",NA,NA,1,NA,"traditional","traditional",1,-1,-1,1,0,1,0,0,"never","never",NA,0,1,0,1,NA,NA,2,1,-1,1,2,0,-1,0,0,1,0,2,2,1,2,"drought",3,3,15.2,7,0,15,3,9,15,0,15,0.125,0,10,0,10,0.181818181818182,0,6,0,6,0.285714285714286,0,1,1,1,1,1,"grass",0,42,56
146,"female",20,"Irkorianga",1,10,3,0,"none",0,1,"knowledge",0.8,2.5,2,0.333333333333333,"north","never",6,6,1,"fever","hospital",1,NA,NA,NA,"christian","Catholic",1,-1,-1,1,1,1,1,1,"sometimes","sometimes","never",NA,NA,1,1,NA,NA,2,2,-2,-2,2,0,2,2,1,1,2,0,1,2,1,"bridewealth",3,0,6.19,2,9,5,10,6,22,0,22,0.0988142292490119,0.0254237288135593,10,0,10,0.181818181818182,0,12,0,12,0.179487179487179,0.0441176470588235,1,1,1,1,1,"grass",1,4,6
147,"female",32,"Irkorianga",2,9,9,0,"none",0,1,"knowledge",0.75,1.4,3,0.2,"north","never",8,7,1,"fever","herbs",NA,NA,NA,1,"christian","Catholic",1,-1,0,1,1,NA,NA,NA,NA,NA,NA,NA,NA,1,NA,NA,NA,2,1,-2,2,1,0,0,1,2,-1,2,0,2,1,2,"drought",8,0,NA,4,3,NA,10,NA,24,0,24,0.0933333333333333,0.0418118466898955,10,0,10,0.181818181818182,0,14,0,14,0.161904761904762,0.0918367346938776,1,1,1,1,1,NA,1,5,4
148,"female",26,"Irkishomo",1,3,2,0,"none",0,1,"prestige",0.8,2.5,1,1,"north","never",NA,5,NA,"fever","herbs",1,NA,NA,NA,"christian","Catholic",1,0,-1,1,0,1,0,0,"never","never","never",NA,1,NA,NA,NA,NA,2,0,-1,-2,-1,0,1,-2,1,2,1,2,1,0,1,"drought",3,3,71.4,7,0,72,85,90,17,0,17,0.137254901960784,0.0827586206896552,10,0,10,0.218181818181818,0.12,7,0,7,0.25,0,1,1,1,1,1,"grass",0,2,1
149,"female",32,"Irkorianga",4,5,3,0,"none",0,1,"knowledge",1,3.5,4,0.5,"north","never",2,5,0,"fever","herbs",NA,NA,NA,1,"traditional","traditional",1,1,-1,1,0,1,0,0,"never","never","never",0,1,1,NA,NA,NA,0,-2,-1,0,0,-1,-2,0,2,1,0,1,0,0,1,"drought",4,4,9.4,3,0,10,4,5,23,0,23,0.0869565217391304,0.0117647058823529,10,0,10,0.181818181818182,0,13,0,13,0.142857142857143,0,1,1,1,1,1,"grass",0,3,2
150,"female",30,"Irkidotu",2,1,0,0,"none",0,1,"knowledge",1.2,1.5,2,0.5,"north","never",5,4,NA,"fever","herbs",1,NA,NA,NA,"traditional","traditional",1,-1,0,1,1,-1,0,0,"never","never","never",1,0,1,NA,1,NA,2,1,2,1,2,2,2,2,1,1,2,2,NA,2,1,"drought",7,0,NA,2,4,NA,3,NA,16,0,16,0.132352941176471,0.048,9,0,9,0.2,0,7,0,7,0.321428571428571,0.230769230769231,1,1,1,1,1,"grass",0,0,1
151,"male",33,"Irkorianga",2,6,4,0,"none",0,1,"knowledge",0.75,1.66666666666667,2,0.5,"north","often",5,5,0,"fever","herbs",1,NA,NA,NA,"traditional","traditional",-1,-1,-1,-1,0,0,0,0,"never",NA,"never",0,1,0,NA,NA,NA,2,2,2,-1,2,1,0,2,1,0,0,NA,2,1,2,"drought",1,1,18.2,12,0,13,11,20,19,0,19,0.105263157894737,0.0173410404624277,9,0,9,0.2,0,10,0,10,0.181818181818182,0,1,1,1,1,1,"grass",0,4,2
152,"female",36,"Irseuri",3,7,4,0,"none",0,1,"prestige",0.8,1.8,3,0.333333333333333,"north","never",5,6,0,NA,NA,1,NA,NA,NA,"traditional","traditional",1,0,-1,1,1,1,0,0,"never","never","never",NA,1,1,NA,NA,NA,2,0,-1,2,1,2,0,2,2,0,1,-1,0,1,2,"drought",3,3,77.7,15,0,86,75,25,13,2,11,0.164835164835165,0.072289156626506,7,2,5,0.321428571428571,0.230769230769231,6,0,6,0.285714285714286,0,1,1,1,1,1,"grass",0,4,3
153,"female",23,"Irkidotu",2,3,2,1,"primary",0,1,"prestige",1,2.5,2,0.333333333333333,"north","never",5,6,0,"fever","herbs",NA,1,NA,NA,"traditional","traditional",0,-1,1,0,0,1,0,0,"never","never","never",1,0,0,NA,NA,1,2,1,2,1,2,1,2,0,0,1,0,2,0,1,2,"drought",2,2,7.3,3,0,7,4,5,17,1,16,0.124183006535948,0.0425531914893617,11,1,10,0.181818181818182,0.0526315789473684,6,0,6,0.285714285714286,0,1,1,1,1,1,"grass",0,2,1
154,"male",36,"Irkorianga",2,5,3,0,"none",0,1,"prestige",1,2.33333333333333,2,0.2,"north","sometimes",12,6,0,"fever","herbs",1,NA,NA,NA,"traditional","traditional",1,1,0,-1,1,1,0,0,"never","never","never",0,0,1,NA,NA,NA,2,0,1,2,0,2,-1,2,1,0,1,2,1,0,-2,"drought",3,3,29.2,10,0,30,20,12,14,0,14,0.133333333333333,0,5,0,5,0.333333333333333,0,9,0,9,0.2,0,1,1,1,1,1,"grass",0,2,3
155,"female",50,"Irkidotu",2,10,6,0,"none",0,1,"prestige",0.8,1.5,2,0.5,"north","never",14,7,NA,NA,NA,NA,1,NA,NA,NA,NA,1,1,-1,1,1,1,0,0,"never","never","never",1,0,0,NA,1,NA,2,1,2,2,1,NA,0,-1,-2,0,-1,2,-1,0,-2,"drought",3,0,16.7,8,0,15,10,12,21,2,19,0.0909090909090909,0,11,1,10,0.166666666666667,0,10,1,9,0.181818181818182,0,1,1,1,1,1,"grass",0,6,4
156,"female",40,"Irkishomo",1,3,1,0,"none",0,1,"knowledge",1,1.66666666666667,2,0.25,"north","never",15,6,0,NA,NA,NA,NA,1,NA,"christian","Catholic",1,0,1,-1,1,1,0,0,"never","never","never",0,0,0,NA,1,NA,2,1,-1,-2,0,2,1,2,1,NA,-1,0,-1,1,2,"drought",2,2,14.55,7,5,13,9,10,12,0,12,0.153846153846154,0,5,0,5,0.333333333333333,0,8,0,8,0.222222222222222,0,1,1,1,1,1,"grass",1,2,1
157,"male",35,"Irkorianga",2,5,3,0,"none",0,1,"prestige",1,2.66666666666667,2,0.25,"north","rarely",7,4,0,"fever","herbs",NA,1,NA,NA,"christian","Catholic",1,0,0,0,-1,NA,NA,NA,NA,NA,NA,1,1,1,NA,NA,NA,2,1,2,0,2,1,2,0,NA,-2,-1,0,-1,1,2,"drought",3,0,12.2,7,0,10,8,9,16,1,15,0.132352941176471,0.048,11,1,10,0.196969696969697,0.1,5,0,5,0.333333333333333,0,1,1,1,1,1,"grass",0,3,2
158,"male",30,"Irkorianga",1,3,1,0,"none",0,1,"knowledge",1,2.5,2,0.5,"north","never",NA,5,NA,NA,NA,NA,1,NA,NA,"traditional","traditional",-1,0,-1,1,1,1,0,0,"never","never","never",NA,1,NA,NA,NA,NA,1,2,-1,1,0,1,2,-2,0,2,1,2,0,-2,-1,"drought",3,0,159.73,8,13,200,100,56,11,0,11,0.166666666666667,0,5,0,5,0.333333333333333,0,6,0,6,0.285714285714286,0,1,1,1,0,1,"grass",1,1,2
159,"male",35,"Irkorianga",4,10,3,0,"none",0,1,"knowledge",1,2,4,0.2,"north","sometimes",10,7,0,"fever","herbs",1,NA,NA,NA,"traditional","traditional",1,0,0,1,1,1,1,1,"never","often","often",1,0.5,0,NA,NA,NA,2,1,-2,-2,1,-1,2,1,0,0,1,-1,0,-1,1,"drought",2,1,0.7,1,0,0,2,0,12,1,11,0.179487179487179,0.0845070422535211,5,0,5,0.333333333333333,0,7,1,6,0.25,0,1,1,1,1,1,"grass",0,5,5
160,"male",38,"Irkorianga",1,5,3,0,"none",0,1,"knowledge",0.8,2,NA,0.5,"north","sometimes",15,4,0,"malaria",NA,1,NA,NA,NA,"traditional","traditional",1,-1,0,1,1,1,0,0,"never","never","never",0,0,0,NA,NA,1,2,1,0,2,0,0,-1,-1,1,1,2,1,2,1,0,"bridewealth",4,4,77.1,11,0,78,80,90,21,2,19,0.0909090909090909,0,12,2,10,0.153846153846154,0,10,0,10,0.181818181818182,0,1,1,1,1,1,"grass",NA,2,3
161,"male",32,"Irkorianga",2,5,2,0,"none",0,1,"knowledge",1,2.33333333333333,2,0.5,"north","often",16,5,0,"fever","herbs",NA,1,NA,NA,"traditional","traditional",1,-1,-1,1,1,1,0,0,"never","never","never",1,1,0,1,NA,NA,2,2,-1,-1,2,1,2,1,0,0,2,-2,0,-1,1,"bridewealth",2,2,17.6,3,0,20,4,17,18,0,18,0.105263157894737,0,9,0,9,0.2,0,10,0,10,0.181818181818182,0,1,1,1,1,1,"grass",0,2,3
162,"male",32,"Irkorianga",1,3,0,0,"none",0,1,"prestige",1,2.5,1,0.5,"north","rarely",8,6,0,"fever","herbs",NA,NA,1,NA,"christian","Lutheran",1,1,0,1,1,1,0,0,"never","never","never",NA,0,NA,NA,1,NA,1,2,-2,-2,2,0,0,1,2,0,-2,0,-1,2,1,"drought",2,0,8.15,4,5,3,20,20,14,2,12,0.19047619047619,0.168224299065421,5,0,5,0.333333333333333,0,9,2,7,0.244444444444444,0.15,1,1,1,1,1,"grass",0,2,1
163,"male",28,"Nyangulo",0,0,NA,0,"none",1,0,"prestige",0.8,1,0,1,"north","never",NA,5,NA,"fever","herbs",NA,1,NA,NA,"traditional","traditional",1,0,0,-1,1,1,0,0,"never","never","never",NA,NA,1,NA,NA,NA,2,1,0,1,0,2,-1,1,2,0,1,2,1,0,2,"drought",2,2,3.3,2,0,2,5,4,11,0,11,0.166666666666667,0,5,0,5,0.333333333333333,0,6,0,6,0.285714285714286,0,1,1,1,1,1,"grass",0,0,0
164,"female",52,"Irkishomo",4,22,12,0,"none",0,1,"prestige",1,2.25,4,1,"north","never",NA,5,NA,"fever","herbs",NA,NA,1,NA,NA,NA,1,1,0,1,1,1,0,0,"never","never","never",1,0,1,NA,NA,1,1,0,-2,0,0,-2,1,0,1,-1,0,1,2,1,2,"drought",2,2,16.2,5,0,15,10,22,17,2,15,0.117647058823529,0.0217391304347826,7,2,5,0.25,0,10,0,10,0.181818181818182,0,1,1,1,1,1,"grass",0,10,12
165,"male",50,"Irkorianga",2,8,5,0,"none",1,0,"prestige",1,1.66666666666667,2,0.25,"north","never",NA,6,NA,"fever","herbs",NA,NA,1,NA,NA,NA,1,-1,0,1,0,1,1,1,"sometimes","sometimes","never",NA,1,NA,NA,NA,NA,2,1,0,1,2,-1,1,2,1,0,-1,2,-2,2,-1,"drought",2,0,NA,5,0,12,8,NA,16,1,15,0.117647058823529,0,10,1,9,0.181818181818182,0,6,0,6,0.285714285714286,0,1,1,1,1,1,"grass",0,5,3
166,"female",22,"Irkishomo",3,3,2,0,"none",0,1,"prestige",1,2.5,3,0.5,"north","sometimes",12,5,0,"fever","herbs",1,NA,NA,NA,"traditional","traditional",1,-1,0,1,1,1,0,0,"never","never","never",NA,1,NA,NA,NA,NA,2,1,1,-1,0,-2,0,1,0,1,2,0,-1,-1,2,"drought",3,3,17.5,10,10,15,7,12,11,0,11,0.166666666666667,0,4,0,4,0.4,0,7,0,7,0.25,0,1,1,1,1,1,"grass",0,1,2
167,"female",45,"Irkidotu",3,4,3,0,"none",0,1,"prestige",1.4,2,3,1,"north","never",NA,4,NA,"fever",NA,1,NA,NA,NA,"traditional","traditional",1,0,1,-1,1,1,0,0,"never","never","never",NA,1,1,NA,NA,NA,2,1,-1,2,0,1,2,0,2,-2,2,-1,0,2,-2,"drought",2,2,45.6,13,0,32,152,15,16,1,15,0.132352941176471,0.0483870967741935,10,1,9,0.2,0.0638297872340425,6,0,6,0.285714285714286,0,1,1,1,1,1,"grass",0,4,0
168,"male",72,"Irkishomo",4,11,6,0,"none",1,0,"prestige",0.5,1.33333333333333,4,1,"north","never",NA,4,NA,"fever","herbs",NA,1,NA,NA,NA,NA,1,0,0,1,-1,1,0,0,"never","never","never",1,1,1,NA,NA,NA,2,0,-2,0,2,1,-1,0,0,-1,0,1,2,1,-1,"drought",3,0,73,8,0,80,30,100,9,0,9,0.2,0,4,0,4,0.4,0,5,0,5,0.333333333333333,0,1,1,1,1,1,"grass",0,5,6
169,"male",38,"Irkorianga",1,2,2,0,"none",1,0,"prestige",0.8,2,1,0.25,"north","never",20,6,0,"malaria","hospital",1,NA,1,NA,"traditional","traditional",1,0,0,NA,1,1,0,0,"never","never","never",NA,NA,1,NA,NA,1,2,1,0,1,2,1,0,2,0,2,1,0,-1,-2,0,NA,NA,NA,2.5,0,0,3,2,2,10,0,10,0.181818181818182,0,5,0,5,0.333333333333333,0,6,0,6,0.285714285714286,0,1,1,1,1,1,"grass",0,2,0
170,"female",42,"Irkidotu",2,1,0,0,"none",0,1,"prestige",0.8,1,2,0.5,"north","never",3,5,0,"pneumonia","hospital",NA,NA,1,NA,"traditional","traditional",1,NA,-1,1,0,1,0,0,"never","never","never",NA,1,NA,NA,NA,NA,1,2,1,0,-1,-2,0,2,2,-1,0,2,1,0,1,"drought",3,3,64.03,7,13,67,35,100,18,2,16,0.12280701754386,0.0555555555555556,11,1,10,0.166666666666667,0,7,1,6,0.285714285714286,0.130434782608696,1,1,1,1,1,"grass",0,1,0
171,"female",24,"Irkorianga",2,5,0,0,"none",0,1,"prestige",0.8,3,2,0.5,"north","never",8,6,0,"fever","herbs",NA,1,NA,NA,"christian","Lutheran",1,1,-1,1,1,1,0,0,"rarely","sometimes","sometimes",NA,1,1,NA,NA,1,2,1,NA,0,-1,1,-1,0,2,0,1,0,2,1,2,"drought",2,2,7.8,3,0,7,6,8,14,0,14,0.133333333333333,0,5,0,5,0.333333333333333,0,9,0,9,0.2,0,1,1,1,1,1,"grass",0,2,3
172,"female",43,"Irkidotu",2,9,2,0,"none",1,0,"prestige",0.8,1.33333333333333,2,0.5,"north","never",7,6,0,"fever","herbs",NA,NA,1,NA,"christian","Catholic",1,0,0,-1,1,1,0,0,"never","never","never",NA,NA,NA,NA,NA,1,2,0,2,1,0,2,0,-1,-2,0,-2,0,-1,0,-1,"drought",3,0,10.4,3,0,10,7,12,15,0,15,0.125,0,5,0,5,0.333333333333333,0,10,0,10,0.181818181818182,0,1,1,1,1,1,"grass",0,6,3
173,"female",85,"Nyangusi",7,7,2,0,"none",0,1,"prestige",1.2,4.5,7,0.5,"north","never",18,4,0,"fever","herbs",NA,1,1,NA,"traditional","traditional",1,-1,-1,0,0,1,0,0,"never","never","never",NA,1,NA,NA,NA,NA,2,2,-1,1,0,1,0,2,0,1,0,2,0,-1,2,"bridewealth",2,2,4,2,0,3,5,4,16,4,12,0.169117647058824,0.147887323943662,7,1,6,0.25,0,10,3,7,0.236363636363636,0.169811320754717,1,1,1,1,1,"grass",0,3,4
174,"female",28,"Irkorianga",1,3,0,0,"none",0,1,"prestige",1,2,1,0.5,"north","never",9,5,0,"fever","herbs",NA,1,NA,NA,"traditional","traditional",1,0,0,1,1,1,1,1,"never","never","never",1,1,1,NA,NA,1,2,1,2,0,1,0,0,2,-1,2,0,1,2,0,2,"drought",3,0,248.5,10,0,320,75,120,11,1,10,0.166666666666667,0,6,1,5,0.285714285714286,0,6,0,6,0.285714285714286,0,1,1,1,1,1,"grass",0,1,2
175,"female",25,"Nyangulo",1,1,0,0,"none",0,1,"prestige",1,1.5,1,1,"north","never",NA,4,NA,"fever","herbs",NA,1,NA,NA,"traditional","traditional",1,-1,1,1,1,1,0,0,"never","never","never",NA,NA,NA,NA,NA,1,2,1,-1,2,0,-1,2,-1,0,2,1,2,2,1,1,"drought",3,3,9.3,3,0,10,3,5,12,0,12,0.153846153846154,0,6,0,6,0.285714285714286,0,6,0,6,0.285714285714286,0,1,1,1,1,1,"grass",0,1,0
176,"male",23,"Nyangulo",2,7,5,1,"primary",0,1,"prestige",1,3.33333333333333,3,0.5,"north","sometimes",10,4,0,"fever","hospital",1,NA,NA,NA,"traditional","traditional",1,0,0,1,0,1,0,0,"never","never","never",1,1,0,NA,NA,NA,2,2,1,0,2,1,-1,2,1,1,2,-2,2,1,0,"drought",2,0,NA,75,15,700,100,NA,13,0,13,0.142857142857143,0,9,0,9,0.2,0,6,0,6,0.285714285714286,0,1,1,1,1,1,"grass",1,4,3
177,"female",72,"Nyangusi",5,7,0,0,"none",0,1,"prestige",1,1,6,1,"north","never",NA,4,NA,"fever","herbs",NA,1,NA,NA,"traditional","traditional",1,0,-1,1,0,1,0,0,"never","never","never",1,1,0,NA,NA,1,2,0,-2,1,2,1,2,-1,1,2,0,1,2,1,2,"drought",2,0,27.12,5,12,30,15,20,12,2,10,0.153846153846154,0,5,0,5,0.333333333333333,0,7,2,5,0.25,0,1,1,1,1,1,"grass",1,3,4
178,"male",35,"Irkorianga",2,7,4,0,"none",0,1,"prestige",0.75,3,2,0.5,"north","rarely",15,6,NA,"fever","herbs",NA,1,NA,NA,"traditional","traditional",1,0,1,1,-1,1,0,0,"never","never","never",NA,NA,NA,NA,NA,1,2,1,-2,0,0,2,0,2,0,1,2,2,1,1,2,"drought",1,1,6.6,3,0,6,5,4,14,2,12,0.19047619047619,0.212389380530973,8,2,6,0.305555555555556,0.25,7,0,7,0.25,0,1,1,1,1,1,"grass",0,4,3
179,"male",69,"Irkishomo",5,21,0,0,"none",0,1,"prestige",0.8,NA,6,1,"north","never",NA,4,NA,"fever","herbs",NA,NA,1,NA,"traditional","traditional",1,0,-1,1,1,1,0,0,"never","never","never",NA,NA,NA,NA,NA,1,2,1,1,0,-1,1,0,-1,-2,0,1,2,1,2,-2,NA,NA,NA,92.45,10,15,120,20,13,10,0,10,0.181818181818182,0,5,0,5,0.333333333333333,0,5,0,5,0.333333333333333,0,1,1,1,1,1,"grass",1,13,8
180,"male",78,"Irseuri",4,17,10,0,"none",0,1,"prestige",1,1.41666666666667,4,0.5,"north","never",12,5,0,"fever","herbs",NA,1,NA,NA,"traditional","traditional",1,-1,0,1,1,1,0,0,"never","never","never",1,1,0,NA,NA,NA,2,-2,-1,0,-2,0,-1,1,-1,0,-2,-1,-1,0,1,"drought",3,3,26.5,5,0,30,20,10,13,0,13,0.142857142857143,0,5,0,5,0.333333333333333,0,8,0,8,0.222222222222222,0,1,1,1,1,1,"grass",0,12,5
181,"male",33,"Irkorianga",2,8,0,0,"none",0,1,"prestige",1,3,2,0.5,"north","often",NA,5,NA,"fever","herbs",NA,1,NA,NA,NA,NA,1,-1,1,0,0,1,0,0,"never","never","never",NA,NA,NA,NA,NA,1,2,1,2,0,-2,-1,0,1,1,2,1,0,-1,1,2,"drought",3,0,10.5,5,0,10,4,6,19,5,14,0.1,0,10,4,6,0.181818181818182,0,11,3,8,0.166666666666667,0,1,1,1,1,1,"grass",0,5,3
182,"female",28,"Irkidotu",2,1,0,0,"none",0,1,"prestige",0.75,1.5,2,1,"north","never",NA,4,NA,"fever","herbs",NA,NA,1,NA,"christian","Catholic",1,1,0,0,1,1,0,0,"never","never","never",1,0,0,NA,NA,NA,2,1,2,2,-1,-1,-1,-1,0,0,1,2,2,2,2,"drought",2,2,8.6,2,0,10,2,4,13,0,13,0.142857142857143,0,5,0,5,0.333333333333333,0,8,0,8,0.222222222222222,0,1,1,1,1,1,"grass",0,1,0
183,"female",27,"Nyangulo",1,1,0,0,"none",0,1,"prestige",0.5,1.5,1,1,"north","never",NA,5,NA,"fever","herbs",NA,NA,NA,1,"traditional","traditional",1,1,0,1,1,1,0,0,"never","never","never",1,0,1,NA,NA,1,2,0,-2,0,1,2,0,1,2,-1,-1,-1,0,0,1,"drought",2,0,27.98,5,8,32,12,18,11,0,11,0.166666666666667,0,5,0,5,0.333333333333333,0,7,0,7,0.25,0,1,1,1,1,1,"grass",0,1,0
184,"female",38,"Irkorianga",NA,4,1,0,"none",NA,NA,NA,1,3.5,NA,1,"north","never",NA,4,NA,NA,NA,NA,NA,NA,NA,NA,NA,1,0,0,1,1,1,0,0,"never","never","never",1,1,NA,NA,NA,1,2,1,-1,2,1,2,1,2,0,0,-2,0,1,2,2,"bridewealth",2,2,41.8,7,0,50,15,18,10,0,10,0.181818181818182,0,4,0,4,0.4,0,6,0,6,0.285714285714286,0,1,1,1,1,1,"grass",0,3,1
185,"female",30,"Irkidotu",1,3,2,0,"none",NA,NA,NA,0.8,2.5,1,1,"north","never",NA,NA,NA,NA,NA,NA,NA,NA,NA,NA,NA,NA,NA,NA,NA,NA,1,0,0,"never","never","never",NA,NA,NA,NA,NA,1,1,2,-1,0,0,-1,0,2,2,-1,-2,0,1,2,2,"drought",2,0,9.7,5,0,8,6,10,10,0,10,0.2,0.0638297872340425,5,0,5,0.333333333333333,0,5,0,5,0.333333333333333,0,NA,NA,NA,NA,NA,"grass",0,2,1
186,"male",67,"Irkidotu",1,5,3,0,"none",0,1,"prestige",0.8,1.16666666666667,1,0.5,"north","never",32,6,0,"fever","herbs",1,NA,1,NA,"christian","Catholic",1,1,-1,1,1,1,0,0,"never","never","never",1,0,1,1,NA,NA,2,0,-1,2,1,2,0,2,1,0,0,-1,-2,0,1,"drought",3,0,136,8,0,150,140,130,12,1,11,0.227272727272727,0.145161290322581,6,1,5,0.285714285714286,0,7,0,7,0.321428571428571,0.230769230769231,1,1,1,1,1,"grass",0,5,0
187,"male",48,"Irkorianga",1,3,2,0,"none",0,1,"prestige",1,2.5,1,0.25,"north","sometimes",26,5,0,"fever","hospital",1,NA,NA,NA,"christian","Catholic",1,0,0,1,1,1,-1,0,"never","never","never",1,1,1,NA,NA,NA,2,1,0,1,2,NA,0,2,-1,0,1,2,1,2,1,"bridewealth",2,0,11.6,7,0,9,8,10,16,1,15,0.191666666666667,0.2109375,8,0,8,0.222222222222222,0,8,1,7,0.277777777777778,0.181818181818182,1,1,1,1,1,"grass",0,2,1
188,"female",26,"Irkorianga",1,1,0,0,"none",0,1,"prestige",1,1.5,2,1,"north","never",NA,4,NA,"fever","laibon",NA,NA,1,1,"traditional","traditional",1,0,0,1,1,1,0,0,"never","never","never",NA,1,0,NA,NA,NA,2,2,-1,0,-1,0,1,2,2,2,0,1,2,1,2,"drought",4,0,204.5,72,0,145,350,320,17,0,17,0.111111111111111,0,8,0,8,0.222222222222222,0,10,0,10,0.181818181818182,0,1,1,1,1,1,"grass",1,1,0
189,"female",46,"Irkidotu",3,7,3,0,"none",0,1,"prestige",1.2,1.16666666666667,3,0.5,"north","rarely",26,6,0,"fever","herbs",NA,1,NA,NA,"christian","Catholic",1,1,-1,-1,1,1,0,0,"never","never","never",NA,NA,NA,NA,NA,1,2,1,2,1,0,1,2,-1,0,-1,-1,-1,0,1,1,"drought",3,0,8.8,5,0,7,6,8,12,0,12,0.192307692307692,0.0845070422535211,5,0,5,0.333333333333333,0,7,0,7,0.357142857142857,0.230769230769231,1,1,1,1,1,"grass",0,3,4
190,"female",32,"Irkishomo",3,5,3,0,"none",0,1,"prestige",1,3.5,4,0.5,"north","never",7,NA,0,"fever","herbs",NA,1,NA,NA,"christian","Catholic",1,0,0,1,1,1,0,0,"never","sometimes","never",1,0.5,1,NA,NA,NA,0,1,2,-1,2,1,2,NA,0,1,2,0,-1,-2,-1,"bridewealth",3,0,179.17,35,17,195,130,120,15,0,15,0.125,0,9,0,9,0.2,0,6,0,6,0.285714285714286,0,1,1,1,1,1,"grass",1,2,3
191,"female",45,"Irkidotu",2,7,4,0,"none",1,0,"prestige",1,4.5,3,0.5,"north","never",20,5,0,"fever","friends/family",NA,1,NA,NA,"traditional","traditional",1,0,-1,1,1,1,1,1,"sometimes","sometimes","never",1,1,1,NA,NA,NA,2,1,0,-1,2,1,0,2,0,2,0,-1,1,2,2,"bridewealth",5,5,87.73,18,13,88,75,95,17,0,17,0.169934640522876,0.167597765363128,9,0,9,0.222222222222222,0.0789473684210526,8,0,8,0.25,0.1,1,1,1,1,1,"grass",1,3,4
192,"female",29,"Irkorianga",3,3,0,0,"none",0,1,"prestige",1,2,3,0.5,"north","never",17,5,0,"fever","hospital",NA,1,NA,NA,NA,NA,1,0,-1,1,0,1,0,0,"never","never","never",1,1,1,1,NA,1,2,1,-2,0,1,2,0,1,2,-1,2,-1,0,2,-2,"bridewealth",3,3,124,12,0,150,35,95,14,0,14,0.152380952380952,0.0631578947368421,10,0,10,0.181818181818182,0,6,0,6,0.333333333333333,0.176470588235294,1,1,1,1,1,"grass",0,2,1
193,"female",37,"Irkorianga",2,6,4,0,"none",0,1,"prestige",1,2.66666666666667,3,1,"north","never",NA,5,NA,"fever","hospital",NA,NA,NA,1,"traditional","traditional",1,0,0,1,1,0,0,0,"never","never","never",0,0,0,NA,NA,1,1,2,-1,2,-1,2,2,0,1,2,0,2,0,1,2,"bridewealth",3,0,12.11,0,1,12,30,7,8,0,8,0.222222222222222,0,4,0,4,0.4,0,5,0,5,0.333333333333333,0,1,1,1,1,1,"grass",1,4,2
194,"female",68,"Irkishomo",1,11,3,0,"none",0,1,"prestige",1,5.5,1,0.5,"north","never",18,NA,0,"fever","herbs",NA,1,NA,NA,"christian","Catholic",1,0,0,1,1,0,0,0,"never","never","never",1,0,1,NA,NA,1,2,2,-1,1,1,2,2,0,0,0,2,2,1,0,2,"bridewealth",3,0,7.7,7,0,5,3,4,13,2,11,0.241758241758242,0.289473684210526,5,0,5,0.333333333333333,0,8,2,6,0.333333333333333,0.3,1,1,1,1,1,"grass",0,6,5
195,"female",32,NA,2,7,4,0,"none",0,1,"prestige",0.6,2.25,3,1,"north","never",15,5,NA,"fever","herbs",NA,NA,1,NA,"christian","Catholic",1,0,0,1,1,1,1,1,"rarely","sometimes","never",1,1,0,NA,NA,NA,2,2,2,1,1,0,-1,2,2,0,0,2,1,NA,2,"bridewealth",1,1,2.82,0,12,3,4,2,11,0,11,0.166666666666667,0,5,0,5,0.333333333333333,0,6,0,6,0.285714285714286,0,1,1,1,1,1,"grass",1,3,4
196,"female",47,"Irseuri",5,6,4,0,"none",0,1,"prestige",0.6,2,5,0.5,"north","never",8,6,0,"fever","herbs",1,NA,1,NA,"traditional","traditional",0,-1,0,1,-1,1,1,1,"never","never","never",0.5,0,0,NA,NA,1,2,1,2,1,2,1,2,1,2,1,2,1,2,1,2,"drought",3,0,36.9,7,0,45,9,10,12,0,12,0.153846153846154,0,5,0,5,0.333333333333333,0,7,0,7,0.25,0,1,1,1,1,1,"grass",0,4,2
197,"male",35,"Irkorianga",1,2,0,0,"none",0,1,"prestige",1,2,1,0.5,"north","never",3,4,0,"fever","herbs",1,1,1,NA,"traditional","traditional",1,1,0,1,0,1,0,0,"never","never","never",NA,NA,NA,NA,1,NA,2,1,2,1,2,0,1,2,1,2,1,2,1,2,1,"drought",2,2,77.5,2,0,100,35,30,17,3,14,0.137254901960784,0.0827586206896552,12,2,10,0.179487179487179,0.0845070422535211,7,2,5,0.25,0,1,1,1,1,1,"grass",0,1,1
198,"male",32,"Irkorianga",1,2,0,1,"primary",0,1,"prestige",1,2,1,0.333333333333333,"north","rarely",10,5,0,"fever","herbs",1,NA,1,NA,"traditional","traditional",0,-1,1,0,0,1,0,0,"never","never","never",NA,1,NA,NA,NA,NA,2,0,-2,0,1,2,0,2,1,2,1,2,1,2,1,"drought",3,3,46.7,10,0,50,47,20,17,0,17,0.111111111111111,0,11,0,11,0.166666666666667,0,6,0,6,0.285714285714286,0,1,1,1,1,1,"grass",0,1,1
199,"male",42,"Irkorianga",1,4,2,0,"none",0,1,"prestige",1,2,1,0.5,"north","sometimes",NA,6,0,"fever","herbs",1,NA,1,NA,"traditional","traditional",1,0,0,1,1,1,0,0,"never","never","never",1,0,0,NA,NA,1,2,1,2,1,2,1,2,1,2,1,2,1,2,1,2,"drought",2,2,20.5,5,0,20,30,10,16,0,16,0.147058823529412,0.0895522388059701,10,0,10,0.181818181818182,0,6,0,6,0.380952380952381,0.3,1,1,1,1,1,"grass",0,3,1
200,"female",48,"Irkidotu",3,7,4,0,"none",0,1,"prestige",0.8,2.66666666666667,3,0.5,"north","never",15,5,NA,"fever","herbs",1,NA,NA,NA,"christian","Catholic",1,1,-1,1,0,1,0,0,"never","never","never",1,1,0,NA,NA,NA,2,1,NA,0,2,1,0,1,2,0,1,2,0,1,1,"drought",2,0,8.3,3,0,8,5,7,17,0,17,0.117647058823529,0.0217391304347826,10,0,10,0.181818181818182,0,7,0,7,0.285714285714286,0.130434782608696,1,1,1,1,1,"grass",0,4,3
201,"male",32,"Irkorianga",1,5,2,0,"none",0,1,"prestige",1,2.33333333333333,1,0.5,"north","sometimes",15,5,0,NA,NA,NA,1,NA,NA,"traditional","traditional",1,0,-1,1,0,1,0,0,"never","never","never",1,1,0,NA,NA,NA,2,2,-2,-1,0,2,-1,1,0,2,1,2,1,2,2,"drought",2,2,88.7,7,0,100,80,72,15,2,13,0.133333333333333,0.0280373831775701,7,2,5,0.25,0,9,1,8,0.222222222222222,0.0789473684210526,1,1,1,1,1,"grass",0,3,2
202,"female",82,"Nyangusi",7,7,2,0,"none",0,1,"prestige",0.8,2.33333333333333,7,0.5,"north","never",32,5,1,"fever","herbs",1,NA,1,NA,"traditional","traditional",0,1,-1,0,1,1,0,0,"never","never","never",NA,NA,NA,NA,1,NA,2,2,1,1,2,1,2,1,2,1,2,1,2,1,2,"drought",7,7,11.7,10,0,5,20,12,16,2,14,0.147058823529412,0.0916030534351145,10,0,10,0.181818181818182,0,8,2,6,0.25,0.1,1,1,1,1,1,"grass",0,3,4
203,"male",34,"Irkorianga",2,8,5,0,"none",0,1,"prestige",1.2,2,2,0.5,"north","often",15,5,0,"fever","herbs",1,NA,1,NA,"christian","Lutheran",1,1,-1,1,1,1,1,1,"never","never","never",1,1,NA,NA,NA,NA,2,1,2,1,1,2,1,2,1,2,1,2,0,1,0,"drought",4,0,86.9,9,0,90,82,112,17,2,15,0.161764705882353,0.112781954887218,11,1,10,0.196969696969697,0.1,7,1,6,0.357142857142857,0.310344827586207,1,1,1,1,1,"grass",0,5,3
204,"male",35,"Irkorianga",2,3,2,0,"none",0,1,"prestige",1.2,2,2,0.5,"north","very often",NA,7,NA,"fever","herbs",NA,NA,1,NA,"traditional","traditional",0,-1,0,1,1,1,0,0,"never","never","never",1,0,1,NA,NA,NA,1,0,-1,-1,2,0,-2,2,0,1,1,2,0,1,2,"drought",3,0,9.1,5,10,5,20,10,17,0,17,0.111111111111111,0,10,0,10,0.181818181818182,0,7,0,7,0.25,0,1,1,1,1,1,"grass",0,2,1
205,"female",45,"Irkishomo",2,5,3,0,"none",0,1,"knowledge",1,1,2,0.25,"north","never",15,NA,0,"fever","friends/family",1,NA,1,NA,"traditional","traditional",0,0,-1,1,1,1,1,1,"never","never","never",1,0,NA,NA,NA,NA,0,2,-2,0,2,0,NA,1,1,0,1,-1,0,1,1,"bridewealth",1,1,20.6,5,0,8,75,50,10,0,10,0.181818181818182,0,4,0,4,0.4,0,6,0,6,0.285714285714286,0,1,1,1,1,NA,"grass",0,3,2
206,"male",24,"Nyangulo",0,0,NA,0,"none",0,1,"knowledge",1,1,0,0.5,"north","sometimes",4,3,1,"fever","herbs",1,NA,1,NA,"christian","Catholic",1,1,-1,1,1,1,1,1,"often","often","never",NA,1,NA,NA,NA,NA,2,2,-2,1,2,0,2,2,1,0,1,2,0,2,1,"bridewealth",2,2,10.5,4,0,10,10,5,24,2,22,0.0966666666666667,0.0506756756756757,10,1,9,0.218181818181818,0.12,14,1,13,0.133333333333333,0,1,1,1,1,1,"grass",0,0,0
207,"male",32,"Irkorianga",1,6,4,1,"primary",0,1,"knowledge",1.2,4,1,0.2,"north","often",13,8,1,"fever","nothing",1,NA,1,NA,"christian","Catholic",1,-1,-1,1,1,1,1,1,"often","often","never",NA,0.5,NA,NA,1,NA,-2,1,-2,-2,1,2,0,2,1,2,2,1,-2,1,2,"bridewealth",2,0,4.52,2,2,4,4,3,24,0,24,0.0933333333333333,0.0418118466898955,12,0,12,0.166666666666667,0.0441176470588235,13,0,13,0.142857142857143,0,1,1,0,0,1,"grass",0,2,4
208,"female",69,"Irkishomo",5,4,3,0,"none",0,1,"knowledge",1.2,1,5,1,"north","never",NA,5,NA,"fever","hospital",1,NA,NA,NA,NA,NA,-1,-1,-1,-1,-1,-1,-1,-1,"never","never","never",NA,1,NA,NA,NA,NA,0,-1,-1,0,2,1,NA,NA,1,1,-1,1,0,1,1,"drought",3,0,12.07,8,7,10,4,6,5,0,5,0.333333333333333,0,2,0,2,0.666666666666667,0,3,0,3,0.5,0,1,1,1,1,1,"grass",0,3,1
209,"male",25,"Nyangulo",0,0,0,0,"none",0,1,"knowledge",1.4,NA,0,0.5,"north","very often",10,5,0,"fever","hospital",NA,1,NA,NA,NA,NA,1,1,-1,1,1,1,1,1,"sometimes","sometimes","never",NA,1,NA,NA,1,NA,1,2,1,1,1,1,1,1,1,1,1,1,1,1,1,"drought",3,0,6.1,2,0,6,4,5,8,0,8,0.222222222222222,0,4,0,4,0.4,0,4,0,4,0.4,0,1,1,1,1,1,"grass",0,0,0
210,"female",32,"Irkidotu",3,6,0,0,"none",0,1,"knowledge",1,2.66666666666667,3,0.5,"north","never",30,6,1,NA,NA,NA,1,NA,NA,NA,NA,1,1,0,1,1,1,0,0,NA,"often","never",NA,1,NA,NA,NA,NA,0,-1,0,1,1,1,0,1,2,NA,NA,NA,NA,NA,NA,"drought",1,0,5.8,0,0,7,4,5,5,0,5,0.333333333333333,0,0,0,0,NA,NA,5,0,5,0.333333333333333,0,1,1,1,1,1,"grass",0,4,2
211,"female",30,"Irkorianga",2,3,2,1,"primary",0,1,"knowledge",1,2.5,2,1,"north","never",NA,6,NA,"fever","herbs",1,NA,NA,NA,NA,NA,1,1,-1,1,1,1,-1,-1,"rarely","sometimes","never",NA,1,NA,NA,NA,NA,1,2,2,1,2,1,1,1,1,1,1,2,0,1,1,"bridewealth",1,0,5.3,3,0,4,4,6,8,0,8,0.222222222222222,0,3,0,3,0.5,0,5,0,5,0.333333333333333,0,1,1,1,1,1,"grass",0,2,1
212,"female",47,"Irkishomo",10,1,0,0,"none",0,1,"knowledge",1.5,4.33333333333333,10,1,"north","never",NA,5,NA,"fever","hospital",NA,1,NA,NA,NA,NA,1,1,-1,1,1,1,1,1,"never","sometimes","never",NA,NA,NA,NA,NA,1,1,1,-1,2,1,0,1,1,1,1,1,1,NA,1,1,"drought",3,1,8.56,5,6,7,4,7,9,0,9,0.2,0,3,0,3,0.5,0,6,0,6,0.285714285714286,0,1,1,1,1,1,"grass",0,1,0
213,"male",33,"Irkorianga",1,3,1,0,"none",0,1,"prestige",1.2,2.5,1,0.5,"north","often",14,7,1,"fever","herbs",1,NA,NA,NA,NA,NA,1,1,-1,1,1,1,1,1,"sometimes","sometimes","never",NA,NA,1,NA,NA,NA,1,1,-1,2,2,2,1,1,1,1,2,1,1,2,1,"bridewealth",3,3,6.24,2,4,5,8,9,9,0,9,0.2,0,0,0,0,NA,NA,9,0,9,0.2,0,1,1,1,1,1,"grass",0,1,2
214,"male",45,"Irkidotu",1,5,5,0,"none",0,1,"prestige",NA,1.75,NA,0.5,"north","often",18,6,0,"fever","herbs",NA,NA,1,NA,"traditional","traditional",0,0,-1,1,-1,1,-1,-1,"never","sometimes","never",NA,1,NA,NA,NA,NA,1,1,-1,1,2,2,-1,1,1,1,1,2,0,1,1,"drought",NA,NA,NA,NA,NA,NA,NA,NA,11,0,11,0.181818181818182,0.0526315789473684,4,0,4,0.4,0,7,0,7,0.25,0,1,1,1,1,1,NA,NA,3,2
215,"male",29,"Irkorianga",1,2,0,0,"none",0,1,"prestige",1.6,2,1,0.5,"north","often",15,6,1,"fever","hospital",1,NA,NA,NA,NA,NA,1,1,-1,1,1,1,1,1,"rarely","sometimes","never",NA,1,NA,NA,NA,NA,1,1,0,2,2,1,1,1,2,1,1,0,-1,1,2,"drought",2,0,6.54,3,4,5,7,8,8,0,8,0.222222222222222,0,4,0,4,0.4,0,5,0,5,0.333333333333333,0,1,1,1,1,1,"grass",0,1,1
216,"male",29,"Irkorianga",1,2,0,1,"primary",0,1,"prestige",1.4,2,1,0.5,"north","very often",8,6,0,"fever","hospital",NA,1,NA,NA,NA,NA,1,0,-1,1,1,1,0,0,"never","sometimes","never",NA,1,NA,NA,NA,NA,1,1,-1,0,1,2,0,1,0,1,1,1,-1,1,2,"drought",3,0,5.9,3,0,4,7,9,11,1,10,0.166666666666667,0,3,0,3,0.5,0,9,1,8,0.2,0,1,1,1,1,1,"grass",0,0,2
217,"male",32,"Irkorianga",1,3,1,0,"none",0,1,"knowledge",1.2,2.5,1,0.333333333333333,"north","rarely",7,5,0,"fever","hospital",NA,1,NA,NA,NA,NA,1,-1,-1,1,1,1,-1,-1,"never","sometimes","never",NA,NA,NA,NA,NA,1,2,2,0,1,2,1,1,0,-1,0,0,1,2,0,1,"bridewealth",2,0,2.7,0,0,3,2,4,9,0,9,0.2,0,3,0,3,0.5,0,6,0,6,0.285714285714286,0,1,1,1,1,1,"grass",0,2,1
218,"male",65,"Irkidotu",2,6,4,0,"none",0,1,"knowledge",1.2,1.8,2,0.5,"north","sometimes",10,6,0,"fever","herbs",NA,NA,NA,1,NA,NA,1,-1,-1,1,1,1,1,1,"rarely","sometimes","never",NA,1,NA,NA,NA,NA,-1,1,0,2,1,2,1,-1,2,-1,0,2,-1,1,1,"bridewealth",2,2,6.74,2,4,7,8,0,7,0,7,0.25,0,3,0,3,0.5,0,4,0,4,0.4,0,1,1,1,1,1,"grass",0,4,2
219,"male",28,"Irkorianga",0,0,NA,1,"secondary",0,1,"knowledge",1,1,1,0.5,"north","very often",10,5,0,"fever","hospital",1,NA,NA,NA,NA,NA,1,1,-1,1,1,1,1,1,"rarely","sometimes","sometimes",NA,1,NA,NA,NA,NA,1,2,NA,2,1,2,1,2,1,1,2,1,0,-1,1,"drought",3,3,5.6,3,0,5,2,4,9,0,9,0.222222222222222,0.0789473684210526,4,0,4,0.4,0,5,0,5,0.333333333333333,0,1,1,1,1,1,"grass",1,0,0
220,"male",37,"Irkorianga",1,5,3,1,"primary",0,1,"knowledge",0.8,3.5,1,0.5,"north","rarely",12,5,0,"fever","hospital",NA,1,NA,NA,NA,NA,1,-1,-1,1,1,1,1,0,"rarely","sometimes","never",NA,1,NA,NA,NA,NA,1,2,1,2,0,1,1,2,2,1,2,1,0,1,1,"drought",3,3,2.26,4,6,0,2,0,7,2,5,0.285714285714286,0.130434782608696,0,0,0,NA,NA,7,2,5,0.285714285714286,0.130434782608696,1,1,1,1,1,"grass",0,2,3
221,"male",32,"Irkorianga",2,7,4,1,"primary",0,1,"knowledge",1,3.33333333333333,2,0.333333333333333,"north","sometimes",23,6,0,"fever","hospital",1,NA,NA,NA,NA,NA,1,-1,-1,1,1,1,0,1,"rarely","sometimes","never",NA,1,NA,NA,NA,NA,1,2,0,1,2,1,0,1,1,1,1,2,1,2,1,"drought",3,0,6.04,3,4,5,10,0,15,7,8,0.15,0.0789473684210526,7,5,2,0.25,0,11,5,6,0.181818181818182,0.0526315789473684,1,1,0,0,0,"grass",0,4,3
222,"male",75,"Irseuri",1,7,4,0,"none",0,1,"prestige",1.2,1,1,0.5,"north","never",32,4,0,"fever","herbs",NA,NA,1,NA,NA,NA,1,-1,-1,1,1,1,0,0,NA,"sometimes","never",NA,NA,NA,NA,NA,1,1,2,-2,0,1,2,0,1,2,2,1,0,1,0,1,"bridewealth",2,0,6.83,2,3,7,4,5,7,0,7,0.25,0,3,0,3,0.5,0,4,0,4,0.4,0,1,1,1,0,1,"grass",0,3,4
223,"female",38,"Irkidotu",2,3,1,0,"none",0,1,"knowledge",1,2.5,2,0.5,"north","never",12,5,1,"fever","hospital",NA,NA,1,NA,NA,NA,1,-1,-1,1,1,1,0,0,"rarely","sometimes","never",NA,1,NA,NA,NA,NA,0,-1,2,-2,1,1,0,1,1,1,2,1,1,0,1,"bridewealth",2,0,6.6,0,0,7,8,9,10,0,10,0.218181818181818,0.12,3,0,3,0.5,0,7,0,7,0.285714285714286,0.130434782608696,1,1,1,1,1,"grass",0,2,1
224,"male",72,"Irkishomo",4,20,14,0,"none",0,1,"prestige",1.2,1.2,4,0.5,"north","never",30,6,1,NA,NA,1,NA,NA,NA,NA,NA,0,1,1,1,-1,1,-1,-1,"never","sometimes","never",NA,1,NA,NA,NA,NA,1,1,-1,1,2,2,2,0,1,0,1,1,1,2,2,"drought",2,NA,4.93,2,3,4,5,6,14,2,12,0.133333333333333,0,5,1,4,0.333333333333333,0,9,1,8,0.2,0,1,1,1,1,1,"grass",0,12,8
225,"male",64,"Irkidotu",2,8,7,0,"none",0,1,"prestige",1.2,1.83333333333333,2,0.5,"north","sometimes",18,7,0,"fever","hospital",1,NA,NA,NA,"traditional","traditional",-1,-1,-1,-1,-1,-1,0,0,"never","never","never",NA,NA,1,NA,NA,NA,1,1,0,-1,0,2,1,2,1,1,0,2,-1,-2,1,"drought",3,3,6.53,7,3,4,2,0,9,1,8,0.244444444444444,0.146341463414634,3,0,3,0.5,0,6,1,5,0.333333333333333,0.176470588235294,1,1,1,1,1,"grass",0,5,3
